A1,A2,A3,BV,G,GM,H,H_sigma,IR,UB,a,ad,albedo,class,closeness,condition_code,data_arc,diameter,diameter_sigma,dv,e,epoch,epoch_cal,epoch_mjd,equinox,est_diameter,extent,first_obs,full_name,i,id,inexact,last_obs,ma,moid,moid_jup,moid_ld,n,n_del_obs_used,n_dop_obs_used,n_obs_used,name,neo,om,orbit_id,pdes,per,per_y,pha,prefix,price,producer,profit,prov_des,q,rms,rot_per,saved,score,sigma_a,sigma_ad,sigma_e,sigma_i,sigma_ma,sigma_n,sigma_om,sigma_per,sigma_q,sigma_tp,sigma_w,spec,spec_B,spec_T,spkid,t_jup,tp,tp_cal,two_body,w
,-3.3718801801525103e-14,,,,,19.3,,,,1.189600821984975,1.4158935345580301,,APO,5792.571507783719,0.0,11075.0,,,4.663076,0.1902257533711703,2455907.5,20111212.0,55907.0,J2000,0.4736737867601935,,1986-04-14,162173 Ryugu (1999 JU3),5.883742390778817,a0162173,,2016-08-09,3.983244739497243,0.000638309,3.7003800000000004,0.24841071353,0.7596301443702679,,,725.0,Ryugu,Y,251.6197109778495,JPL 120,162173.0,473.9148422005283,1.2975081237523,Y,,82756156358.84914,Davide Farnocchia,30080459216.340637,1999 JU3,0.9633081094119196,0.35206,7.627000000000001,-69053443881.75815,289.64857538918585,3.3264e-09,3.9592e-09,4.0878e-08,3.9603e-06,2.5274000000000002e-05,3.1861e-09,3.7157e-05,1.9878e-06,4.7907e-08,3.3258e-05,4.1484e-05,Cg,Cg,,2162173.0,5.308,2455902.256336661,20111206.7563367,,211.42584970315048
,6.11653514199254e-14,,,,,19.3,,,,1.272461512574528,1.44622918640332,,AMO,5248.8041708285555,0.0,9733.0,,,4.888815,0.1365602590817959,2453968.5,20060821.0,53968.0,J2000,0.4736737867601935,,1989-06-06,10302 (1989 ML),4.377896318785177,a0010302,,2016-01-29,332.6731684547715,0.0820288,3.64543,31.923148096,0.6866526348315986,,,414.0,,Y,104.4061708412921,JPL 85,10302.0,524.2825582228924,1.4354074147101799,N,,13941858907.084631,Otto Matic,4379884826.959888,1989 ML,1.098693838745737,0.50627,19.0,199492161783.5526,262.46020854142773,2.388e-09,2.7141e-09,4.9612999999999996e-08,5.1798e-06,2.592e-05,1.9329000000000002e-09,6.1462e-05,1.4759000000000001e-06,6.2239e-08,3.7744e-05,6.6242e-05,X,X,,2010302.0,5.066,2454008.2971698632,20060929.797169898,,183.2427041176045
,,,,,,18.2,,,,1.4887600408617712,2.024672355852247,0.55,APO,5024.610548090387,0.0,13083.0,0.33,,4.984853,0.3599722589815505,2458200.5,20180323.0,58200.0,J2000,,,1981-09-30,4660 Nereus (1982 DB),1.431547323206529,a0004660,,2017-07-26,327.90297572125667,0.00325976,3.1000099999999997,1.2686007992000001,0.5425840445024191,16.0,16.0,555.0,Nereus,Y,314.439201591598,JPL 105,4660.0,663.4916814226277,1.81654122223854,Y,,4714378513.313096,Otto Matic,1390463968.012496,1982 DB,0.9528477258712936,0.47026,15.1,67457400577.253716,251.239956161546,2.4429e-09,3.3221999999999995e-09,2.9804e-09,2.5435e-06,8.5212e-06,1.3355e-09,2.9975e-05,1.6331e-06,4.0725e-09,1.585e-05,3.1113000000000005e-05,Xe,Xe,,2004660.0,4.493,2458259.6558572426,20180521.155857198,,158.0163122498974
,-4.614425168815923e-14,,0.64,-0.08,5.2e-09,20.19,0.06,-0.33,0.16,1.126391025934071,1.3558876877022648,0.046,APO,4809.139676759755,0.0,6821.0,0.492,0.02,5.095923,0.2037451084785423,2455562.5,20110101.0,55562.0,J2000,,0.565 x 0.535 x 0.508,1999-09-11,101955 Bennu (1999 RQ36),6.034939533607825,a0101955,,2018-05-15,101.7039479473255,0.0032228,3.87795,1.254217076,0.8244613502889271,22.0,7.0,518.0,Bennu,Y,2.060867329373625,JPL 97,101955.0,436.6487281348487,1.1954790640242299,Y,,669957009.2821819,Otto Matic,185002121.8577609,1999 RQ36,0.8968943641658774,0.27502,4.297,-395697167.69069386,240.4583237520063,4.0260999999999994e-11,4.8463999999999995e-11,2.2082000000000002e-08,2.8213e-06,2.6478e-06,4.4203e-11,3.9444e-06,2.3411e-08,2.486e-08,3.2088e-06,6.070599999999999e-06,B,B,,2101955.0,5.525,2455439.141945785,20100830.6419458,,66.22306846088361
,,,,,,18.0,,,,1.644588561816618,2.275835710451855,,APO,4647.459085543634,0.0,7686.0,0.78,0.08,5.163730999999999,0.3838328705983211,2457800.5,20170216.0,57800.0,J2000,,,1996-04-11,65803 Didymos (1996 GT),3.4076791820638133,a0065803,,2017-04-27,110.79621990461929,0.0406808,3.16266,15.831746935999998,0.4673240973573958,6.0,0.0,863.0,Didymos,Y,73.22185799635652,JPL 134,65803.0,770.3433271164755,2.1090850845078,Y,,62253881855.74078,Davide Farnocchia,16394706368.256353,1996 GT,1.013341413181381,0.32266999999999996,2.2593,890782323475.4404,232.3929542771817,7.7121e-09,1.0672e-08,9.810700000000001e-09,3.275e-06,1.7727e-05,3.2871999999999996e-09,2.3681e-05,5.4187e-06,1.8414e-08,3.6274e-05,2.6016e-05,Xk,Xk,,2065803.0,4.2,2457563.413531463,20160623.9135315,,319.2515891346795
,,,,,,19.9,,,,1.6206420179286,2.230361667930684,,APO,4598.442931538551,0.0,2178.0,,,5.18949,0.3762210551478778,2458200.5,20180323.0,58200.0,J2000,0.3593183125154385,,2011-10-25,436724 (2011 UW158),4.571690032188173,a0436724,,2017-10-11,107.6088975325662,0.00222549,2.9814599999999998,0.8660939433,0.4777200092885645,8.0,0.0,943.0,,Y,285.9913257608865,JPL 137,436724.0,753.5794879852807,2.06318819434711,Y,,6693104954.30548,Otto Matic,1735397619.6985211,2011 UW158,1.010922367926516,0.3356,0.61073,87088166917.25308,229.93553278683612,1.2158e-08,1.6732e-08,5.6365e-09,9.409700000000001e-07,5.0268e-06,5.3757e-09,2.1364e-06,8.4798e-06,6.5284e-09,8.293e-06,4.6543000000000005e-06,Xc,,,2436724.0,4.242,2457975.244839152,20170809.7448392,,8.766637603804996
,,,0.841,,,15.75,,,0.444,1.4304436784008483,1.796698522097027,0.17,AMO,4166.343272053864,0.0,16080.0,2.3,,5.439294,0.2560428272895237,2458200.5,20180323.0,58200.0,J2000,,,1973-03-10,1943 Anteros (1973 EC),8.70626951586493,a0001943,,2017-03-19,87.39164366082187,0.062488999999999996,3.19501,24.31884413,0.5761000723033239,,,3091.0,Anteros,Y,246.3323149457399,JPL 422,1943.0,624.8914334634129,1.7108595029799099,N,,5574298014866.438,Otto Matic,1249360985065.4124,1973 EC,1.064188834704668,0.40641,2.86923,-9221481573164.766,208.33716360269318,1.1331e-09,1.4232999999999998e-09,2.5313e-08,2.919e-06,6.4086e-06,6.8454e-10,1.8256e-05,7.425199999999999e-07,3.6204e-08,1.1109000000000002e-05,1.9386e-05,L,L,S,2001943.0,4.64,2458048.8047514446,20171022.304751396,,338.3612658392447
,,,,,,18.5,,,,1.032548390671834,1.259046972745844,,APO,3899.156002716339,0.0,8854.0,,,5.635712,0.2193588059603062,2458200.5,20180323.0,58200.0,J2000,0.6846669297430096,,1982-11-10,98943 (2001 CC21),4.808533490797227,a0098943,,2007-02-06,29.471815850537737,0.0830615,3.76902,32.325043955,0.9393738206474216,,,628.0,,Y,75.5790589093708,JPL 122,98943.0,383.234014071082,1.04923754708031,N,,147043126927.98822,Otto Matic,29768146209.742462,2001 CC21,0.8060498085978249,0.48303,5.0169999999999995,-243251344260.87195,194.97780013581695,1.1211e-08,1.367e-08,9.281599999999999e-08,4.1647e-06,9.455100000000001e-05,1.5299e-08,4.2185e-05,6.2416e-06,8.7778e-08,0.00010015,4.4708999999999995e-05,L,L,,2098943.0,5.906000000000001,2458169.1261047493,20180219.6261047,,179.32083234574299
,,,,,,18.0,,,,1.565640080293509,2.023237359953611,,AMO,3855.862397602145,0.0,9739.0,,,5.647982,0.292274888347466,2458200.5,20180323.0,58200.0,J2000,0.8619445964685667,,1990-08-19,7474 (1992 TC),7.088107034446275,a0007474,,2017-04-18,2.067527409975078,0.166957,3.44434,64.97465569,0.5031137397690945,,,333.0,,Y,88.62537536003614,JPL 52,7474.0,715.543964601768,1.95905260671258,N,,84008007321.60028,Otto Matic,16781630207.651987,1992 TC,1.108042800633406,0.6999,5.54,1202059144293.7646,192.8131198801072,1.8312e-08,2.3664e-08,1.1243000000000001e-07,4.7748000000000004e-06,0.00011207,8.8268e-09,6.644100000000001e-05,1.2554e-05,1.845e-07,0.00022268,9.4169e-05,X,X,,2007474.0,4.365,2458196.390536778,20180318.8905368,,275.6475228037731
,,,,,,20.4,,,,1.448534355471729,2.0631012714597152,,APO,3587.7363660640917,0.0,5374.0,,,5.879626999999999,0.4242680980720308,2458200.5,20180323.0,58200.0,J2000,0.28541668088449595,,2001-02-20,194006 (2001 SG10),4.2571451566057,a0194006,,2015-11-08,198.15643215055582,0.017169999999999998,3.12374,6.6820489,0.5653415091538062,,,319.0,,Y,184.9839471261446,JPL 55,194006.0,636.7832437049279,1.7434175050100702,Y,,3050146388.343907,Otto Matic,544598788.6772264,2001 SG10,0.8339674394837437,0.56009,,43644129582.87928,179.39291859598134,2.8694999999999997e-09,4.0869e-09,3.0986e-08,8.2508e-06,2.4575e-05,1.6799e-09,2.4495e-05,1.8922e-06,4.5803e-08,4.4197e-05,3.5031e-05,X,X,,2194006.0,4.545,2458486.7757558557,20190103.2757559,,101.5746537538662
,,,,,,22.0,,,,1.8602260494077343,2.789052364407913,,APO,3554.851215181151,6.0,34.0,,,5.897444999999999,0.4993083046524923,2458200.5,20180323.0,58200.0,J2000,0.1366090123221672,,2002-02-21,(2002 DO3),3.8017059955211185,bK02D03O,,2002-03-27,98.1952579691996,0.029321899999999998,2.1916599999999997,11.411203823,0.3884682162362089,,,80.0,,Y,56.131077637128314,JPL 7,2002 DO3,926.7167427182802,2.53721216349974,Y,,334441900.986397,Otto Matic,58987970.31537034,2002 DO3,0.9313997344075552,0.68901,,4785483647.727479,177.74322964285955,0.00046564,0.00069813,0.00015289,0.0013556,0.93745,0.00014586,0.0088635,0.34795,5.127e-05,2.3183,0.010301000000000001,X,X,,3114075.0,3.8310000000000004,2457947.72447329,20170713.2244733,,165.5421787271544
,,,,,,20.4,,,,1.137303299134252,1.3267128163663229,,APO,3467.382792756088,0.0,6521.0,,,6.014526,0.1665426604989666,2458200.5,20180323.0,58200.0,J2000,0.28541668088449595,,2000-02-04,483422 (2000 CE59),12.26437511995548,a0483422,,2017-12-12,226.18105862441416,0.00822424,3.7637699999999996,3.2006274807999997,0.8126239641387855,3.0,2.0,353.0,,Y,318.65662203013335,JPL 90,483422.0,443.00933259029114,1.2128934499392,Y,,10652332882.850592,Otto Matic,1796926664.1531374,2000 CE59,0.947893781902182,0.44611999999999996,,-17622002111.915695,173.38913963780442,4.5504e-10,5.3083e-10,2.7663e-08,6.9566e-06,1.6658e-05,4.877e-10,7.877699999999999e-06,2.6588e-07,3.1629e-08,2.0558000000000002e-05,1.9251e-05,L,L,,2483422.0,5.476,2458365.175110852,20180903.6751109,,307.4436335024041
,,,,,,17.7,,,,1.917402637595283,2.7425886610857497,0.22699999999999998,AMO,3441.235992539257,0.0,11208.0,0.844,0.228,6.00986,0.43036658410221895,2458200.5,20180323.0,58200.0,J2000,,,1986-09-10,48603 (1995 BC2),5.024842287296242,a0048603,,2017-05-18,292.1514148115564,0.13508599999999998,2.68094,52.57141862,0.3712223307920741,,,424.0,,Y,328.2896949065942,JPL 90,48603.0,969.7692464563513,2.65508349474703,N,,78869660059.67476,Otto Matic,13214334950.932186,1995 BC2,1.092216614104816,0.6086199999999999,,1128535232589.6208,172.0817996269629,5.596e-09,8.0043e-09,5.4938000000000005e-08,7.9886e-06,1.4578e-05,1.6251e-09,5.9244e-05,4.2454e-06,1.0692999999999999e-07,3.9654000000000004e-05,6.0681000000000004e-05,X,X,,2048603.0,3.805,2458383.270753698,20180921.7707537,,81.7686285151001
,,,,,,18.7,,,,1.7151761080284131,2.404923299990826,0.14,AMO,3331.218909165203,0.0,10032.0,0.6,,6.1460919999999994,0.4021436566973133,2458200.5,20180323.0,58200.0,J2000,,,1991-02-13,14402 (1991 DB),11.417612131211019,a0014402,,2018-08-02,352.3231625188768,0.102394,2.59532,39.84867298,0.4387741122772037,,,634.0,,Y,158.2481408972425,JPL 90,14402.0,820.4677302670111,2.24631822112802,N,,168196133654.8061,Otto Matic,26675057553.49495,1991 DB,1.0254289160660008,0.44851,2.2656,-140346323312.76584,166.58094545826015,1.0798e-09,1.5140000000000001e-09,2.7025000000000002e-08,6.9628e-06,5.585800000000001e-06,4.1434e-10,1.2742000000000001e-05,7.7477e-07,4.6363e-08,1.2740999999999999e-05,1.7808e-05,C,C,,2014402.0,4.064,2458217.996103955,20180409.496104002,,51.362867712861345
,,,,,,19.9,,,,1.2476123615499828,1.559693301634103,0.17300000000000001,APO,3289.4492559665505,0.0,6548.0,0.335,0.006999999999999999,6.224880000000001,0.250142552047499,2458200.5,20180323.0,58200.0,J2000,,,2000-09-03,162567 (2000 RW37),13.74566201573859,a0162567,,2018-08-08,114.5704609864501,0.00772595,3.5617099999999997,3.0067079614999996,0.7072689137166868,,,205.0,,Y,333.3273832117117,JPL 56,162567.0,509.00017379274567,1.3935665264688502,Y,,29274984806.95628,Otto Matic,4526620921.827025,2000 RW37,0.9355314214658634,0.42026,,-24427651179.697567,164.49246279832752,3.2411999999999995e-09,4.052e-09,6.162999999999999e-08,1.2423e-05,1.7937e-05,2.7560999999999996e-09,2.1836999999999998e-05,1.9835e-06,7.5619e-08,2.4987e-05,2.6201e-05,C,C,,2162567.0,5.092,2458038.5100429067,20171012.0100429,,133.2435627868326
,-5.8929295788217575e-15,,,,,19.2,,,,1.40368306001145,1.865644705507632,0.042,APO,3285.3328995866664,0.0,9192.0,0.939,0.006999999999999999,6.221524,0.3291068038481656,2455670.5,20110419.0,55670.0,J2000,,,1989-04-30,85774 (1998 UT18),13.589367400860631,a0085774,,2014-06-30,135.4284144516947,0.0371195,3.30261,14.445795815,0.5926529980962271,4.0,4.0,594.0,,Y,64.69324536867637,JPL 138,85774.0,607.4380812320602,1.66307482883521,Y,,644702024580.3337,Otto Matic,99615490230.63084,1998 UT18,0.9417214145152693,0.42448,34.0,-537952667615.0845,164.28664497933332,1.0975999999999999e-10,1.4588e-10,1.2085999999999998e-08,8.502100000000001e-06,1.9693e-06,6.951100000000001e-11,5.6562e-06,7.1245e-08,1.6937e-08,3.342e-06,7.8356e-06,C,C,,2085774.0,4.66,2455441.9878438367,20100902.4878438,,50.043012344820326
,,,0.91,,,15.2,,,0.5,2.03310942807809,2.9606489050673437,0.22,AMO,3217.7354589064125,0.0,13053.0,2.8,,6.28793,0.4562171933195266,2458200.5,20180323.0,58200.0,J2000,,,1982-02-28,3288 Seleucus (1982 DV),5.930740520415433,a0003288,,2017-11-24,145.1602446924744,0.102117,2.00887,39.74087289,0.3399874940500322,,,1621.0,Seleucus,Y,218.6529998518859,JPL 327,3288.0,1058.862476709284,2.89900746532316,N,,33521354818967.523,Otto Matic,5019372669956.656,1982 DV,1.105569951088836,0.47721,75.0,-28173511189937.21,160.90677294532063,2.3643e-09,3.443e-09,2.7174e-08,3.3687e-06,5.9925e-06,5.930700000000001e-10,3.9694e-05,1.8471e-06,5.5056e-08,1.7143e-05,3.9786e-05,K,K,S,2003288.0,3.6660000000000004,2457773.542399403,20170120.0423994,,349.30938390626227
,,,,,,16.6,,,,2.251476076383777,3.4958827194347597,0.018000000000000002,APO,3205.5422001264305,0.0,17009.0,4.692,1.179,6.301776,0.5527070245621682,2458200.5,20180323.0,58200.0,J2000,,,1971-10-21,152679 (1998 KU2),4.9272685141349815,a0152679,,2018-05-16,282.0505706260676,0.059801599999999996,1.90786,23.272988671999997,0.2917447630243069,,,1241.0,,Y,205.768856119393,JPL 181,152679.0,1233.955311718848,3.3783855214752903,N,,80321400968785.4,Otto Matic,11955150622289.568,1998 KU2,1.007069433332795,0.45083,125.0,-67507292029409.93,160.29711000632153,1.6935e-09,2.6295e-09,2.0951e-08,3.2781e-06,2.1921e-06,3.2916000000000003e-10,3.7323e-05,1.3922e-06,4.7306e-08,7.6946e-06,3.7517e-05,Cb,Cb,,2152679.0,3.403,2458467.683645615,20181215.183645602,,120.25448302831009
,-3.896260079821375e-14,,,,,19.5,,,,0.9151005840247852,1.157356635923874,0.033,ATE,3189.717020030081,0.0,23014.0,0.918,0.01,6.4016660000000005,0.2647316110690273,2456419.5,20130507.0,56419.0,J2000,,,1954-11-20,65679 (1989 UQ),1.299319075129616,a0065679,,2017-11-23,167.2036955973838,0.0139803,3.79415,5.440713351,1.1259026079939132,,,725.0,,Y,178.24541474679052,JPL 124,65679.0,319.7434639941312,0.875409894576677,Y,,600731605805.0773,Otto Matic,87584018300.91937,1989 UQ,0.6728445321256961,0.45263000000000003,7.747999999999999,-354810520176.5721,159.50585100150406,2.832e-09,3.5818e-09,2.5976e-07,5.754600000000001e-06,4.5361e-05,5.2266e-09,0.00010867,1.4843000000000001e-06,2.362e-07,4.0735e-05,0.00011113,B,B,,2065679.0,6.495,2456270.9936421583,20121209.4936422,,14.89537402204791
,,,,,,16.6,,,,1.540482012212544,2.111430693453673,0.052000000000000005,APO,3172.6462351187274,0.0,13952.0,3.21,,6.382391,0.3706298916279424,2458200.5,20180323.0,58200.0,J2000,,,1979-11-16,25330 (1999 KV4),14.3292797967298,a0025330,,2018-01-27,331.9918201310927,0.17263599999999998,3.0268599999999997,67.18475212,0.5154886727030192,,,626.0,,Y,50.60921956666382,JPL 113,25330.0,698.3664609200857,1.91202316473672,N,,25684288253828.87,Otto Matic,3735863659632.821,1999 KV4,0.969533330971414,0.51857,4.919,-15169928779580.484,158.65231175593638,8.615700000000001e-09,1.1809e-08,3.8978e-08,7.8095e-06,2.918e-05,4.3246e-09,2.0339e-05,5.8588e-06,6.0332e-08,5.7048999999999995e-05,2.4329e-05,B,B,,2025330.0,4.357,2458254.8332595886,20180516.3332596,,85.98621409617479
,,,,,,18.6,,,,1.467859568011153,2.175016090102211,,APO,3159.210248166677,0.0,10728.0,,,6.412687,0.4817603383198333,2458200.5,20180323.0,58200.0,J2000,0.6538518417986329,,1988-12-05,7753 (1988 XB),3.1229078970580586,a0007753,,2018-04-20,205.09250623438098,0.00649419,3.26326,2.5273439223,0.5542137696661917,5.0,7.0,879.0,,Y,73.42321407276583,JPL 146,7753.0,649.5688481663518,1.7784225822487398,Y,,217065344767.12106,Otto Matic,31290623693.66874,1988 XB,0.7607030459200959,0.52222,,-128205453391.9751,157.98051240833388,1.0704000000000002e-09,1.5861e-09,1.1533e-08,4.3808e-06,3.6738e-06,6.0621e-10,3.8785e-05,7.1051e-07,1.7162e-08,6.9274e-06,3.9407e-05,B,B,,2007753.0,4.474,2458480.008561938,20181227.508561898,,280.08816052180543
,,,,,,16.9,,,,1.442761759199435,2.140758418592907,,APO,3087.821075315001,0.0,9802.0,,,6.545833,0.4837920432412756,2458200.5,20180323.0,58200.0,J2000,1.4304719672357855,,1990-03-22,35396 (1997 XF11),4.0988798553641566,a0035396,,2017-01-21,346.8174632036148,0.00044192,3.18465,0.1719820064,0.5687378604137642,5.0,1.0,1695.0,,Y,213.7529794777552,JPL 271,35396.0,632.9805435110217,1.7330062792909597,Y,,383990679797.835,Otto Matic,53002106415.92288,1997 XF11,0.7447650998059632,0.39215,3.259,5494470380752.437,154.41105376575004,1.634e-09,2.4244e-09,1.6345000000000002e-08,3.9943e-06,6.3325e-06,9.6616e-10,2.2091e-05,1.0753000000000001e-06,2.4319e-08,1.1173e-05,2.262e-05,Xk,Xk,,2035396.0,4.526,2458223.6785814064,20180415.178581398,,102.914853221757
,,,,,,19.8,,,,2.247668510067409,3.4238643692011963,,AMO,3086.6534457387206,1.0,3570.0,,,6.50018,0.5232959637355566,2458200.5,20180323.0,58200.0,J2000,0.3762524628723901,,1997-09-02,(1997 RT),6.161379546982353,bJ97R00T,,2007-06-12,40.57444972268921,0.0605726,1.9616900000000002,23.573038741999998,0.2924864034196372,,,311.0,,Y,325.8516160958548,JPL 14,1997 RT,1230.826444549285,3.36981915003227,N,,174309836733.0625,Otto Matic,24219748290.97348,1997 RT,1.071472650933621,0.47844,,-44641608922.054535,154.35267228693604,1.3622e-07,2.075e-07,3.163e-07,1.084e-05,0.00021979,2.6588e-08,0.00016316,0.00011189,7.7054e-07,0.00073887,0.00024071,O,O,,3010682.0,3.429,2458061.7774841897,20171104.277484197,,6.4390796315035095
,,,,,,18.4,,,,1.0540498341184599,1.422719008881066,0.07200000000000001,APO,3073.997738218147,0.0,6560.0,1.196,0.36200000000000004,6.6070199999999994,0.349764463528365,2458200.5,20180323.0,58200.0,J2000,,,1996-03-24,175706 (1996 FG3),1.990980711120914,a0175706,,2014-03-10,6.944999216019265,0.0282961,3.8878699999999995,11.011993237,0.910777634923846,6.0,1.0,1625.0,,Y,299.6984889100508,JPL 143,175706.0,395.26662293381963,1.08218103472641,Y,,1332158181012.481,Otto Matic,181358935878.89236,1996 FG3,0.6853806593558548,0.31801,3.5942,-1111580264739.2266,153.71988691090738,8.191e-10,1.1056e-09,1.1184000000000001e-08,2.6124e-06,2.863e-06,1.0617e-09,8.416e-05,4.6074e-07,1.1845000000000001e-08,3.1353e-06,8.342799999999999e-05,C,C,,2175706.0,5.779,2458192.874648927,20180315.3746489,,24.034166874319038
,,,,,,17.2,,,,1.190082832858218,1.6172423574690309,,APO,3069.974065689303,0.0,9499.0,,,6.6018,0.3589325993258014,2458200.5,20180323.0,58200.0,J2000,1.2458889999152165,,1992-08-29,17511 (1992 QN),9.583378334348973,a0017511,,2018-09-01,348.38863231657723,0.132455,3.3478199999999996,51.54751235,0.7591686896271655,0.0,1.0,1095.0,,Y,355.9364512695138,JPL 208,17511.0,474.2029076262342,1.2982968039048202,N,,253700126238.41214,Otto Matic,34520594568.16894,1992 QN,0.7629233082474042,0.44123999999999997,5.9902,3630160580834.9336,153.51870328446518,1.2761e-09,1.7341999999999999e-09,4.1546e-08,4.1102e-06,1.4597000000000001e-05,1.2211e-09,2.2208e-05,7.6274e-07,4.9319999999999994e-08,1.9245e-05,2.4305e-05,X,X,,2017511.0,5.252999999999999,2458215.794845325,20180407.2948453,,202.37256359837983
,,,,,,20.3,,,,2.360208276027004,3.5889222891809958,,AMO,3035.0997337251056,0.0,4171.0,,,6.597749,0.5205955871073871,2458200.5,20180323.0,58200.0,J2000,0.29886795464408883,,2001-10-12,(2001 TY44),2.526425556997532,bK01T44Y,,2013-03-14,176.8623448406392,0.15131,1.7542900000000001,58.8853127,0.271818230272317,,,144.0,,Y,356.88998161704524,JPL 35,2001 TY44,1324.414479629786,3.62604922554356,N,,3502036621.8726807,Otto Matic,471392969.3966378,2001 TY44,1.131494262873012,0.59103,,50110165437.6619,151.76199075949899,3.2363e-08,4.9211e-08,6.6165e-08,5.7315999999999995e-06,6.393100000000001e-05,5.5907e-09,0.00016022,2.724e-05,1.4599e-07,0.00022223,0.0001984,X,X,,3092381.0,3.3539999999999996,2457549.835971088,20160610.335971102,,73.20217127238871
,-3.3570296996944514e-14,,,,,20.2,,,,1.008083724396869,1.321977680465678,0.095,APO,3034.758262183868,0.0,6866.0,0.451,0.026000000000000002,6.700301,0.3113768712579995,2456168.5,20120829.0,56168.0,J2000,,,1999-05-13,85990 (1999 JV6),5.319122367763862,a0085990,,2018-02-28,315.7032464215569,0.0317855,4.11925,12.369963035,0.973776230286804,15.0,0.0,1135.0,,Y,124.549621362229,JPL 241,85990.0,369.6947910650582,1.01216917471611,Y,,12034062278.372292,Otto Matic,1594877328.9130182,1999 JV6,0.6941897683280607,0.38131,6.537999999999999,172193759451.29266,151.7579131091934,4.2095000000000003e-10,5.5202e-10,9.878100000000001e-09,2.1407e-06,1.3656e-06,6.099299999999999e-10,8.5903e-06,2.3156e-07,1.0109e-08,1.3831e-06,8.615499999999999e-06,Xk,Xk,,2085990.0,5.995,2456213.989664053,20121013.489664104,,235.34167062365367
,,,,,,22.4,,,,1.377661080292424,1.9604690186477411,,APO,2999.646013564854,8.0,9.0,,,6.7472,0.4230415932426637,2452339.5,20020306.0,52339.0,J2000,0.11362642725569724,,2002-03-02,(2002 EA),11.29106430009123,bK02E00A,,2002-03-11,322.5096398080603,0.03561,3.1266700000000003,13.8583437,0.6095235494752261,,,141.0,,Y,342.4762279433206,JPL 7,2002 EA,590.6252519856611,1.61704381104904,N,,672116766.8282473,Otto Matic,87433203.9816408,2002 EA,0.7948531419371079,0.59916,,-1111873165.6958716,149.98364491177634,0.0015366,0.0021866999999999998,0.00084672,0.021207,0.080084,0.0010198,0.0033748000000000003,0.9881700000000001,0.00027993,0.028480000000000002,0.00052084,L,L,,3114105.0,4.691,2452401.0076484317,20020506.507648397,,262.8278509906355
,,,,,,21.0,,,,2.436467135751354,3.836898534295925,,AMO,2980.347168711769,6.0,59.0,,,6.7240649999999995,0.5747795149770031,2458200.5,20180323.0,58200.0,J2000,0.21651069365823924,,2001-04-21,(2001 HK31),6.853282331917642,bK01H31K,,2001-06-19,156.51861650632833,0.11787,1.20989,45.8714679,0.2591571750282712,,,92.0,,Y,114.25951226321159,JPL 29,2001 HK31,1389.118398750596,3.803198901439,N,,1331437189.1622753,Otto Matic,172679537.62606868,2001 HK31,1.036035737206783,0.33096,,19051353547.268173,149.0200213099668,0.00072974,0.0011492000000000002,0.00016947,0.0014684000000000001,0.77484,0.00011643,0.005307500000000001,0.62408,0.00010261,2.7185,0.0071221,X,X,,3076783.0,3.248,2457596.547527956,20160727.047528,,99.72266677876742
,,,,-0.12,,21.9,,,,1.157097131755867,1.655164446012739,,APO,2951.992736581143,0.0,4019.0,0.4,,6.906763000000001,0.4304455525709119,2458200.5,20180323.0,58200.0,J2000,,,2005-12-24,308635 (2005 YU55),0.3403037217792872,a0308635,,2016-12-25,88.68052443920662,0.00047004,3.61395,0.1829254668,0.7918617189443053,9.0,10.0,3693.0,,Y,35.940403200850675,JPL 127,308635.0,454.62483081003717,1.24469495088306,Y,,49835891453.2759,Otto Matic,6232584891.1504755,2005 YU55,0.6590298174989958,0.22641999999999998,18.0,-41584095796.375084,147.61963682905716,4.2646e-09,6.1003000000000005e-09,1.6505999999999999e-09,1.1664e-06,1.1434000000000001e-05,4.3778e-09,4.0756e-05,2.5134e-06,2.6236e-09,1.3820999999999999e-05,4.0729e-05,C,C,,2308635.0,5.348,2458088.5100877243,20171201.0100877,,273.5603979372662
,-2.6086644079958563e-14,,,,,19.8,,,,0.9079738794110724,1.154761243238626,0.287,ATE,2939.6981078232075,0.0,23775.0,0.272,0.077,6.982428,0.27180006982978894,2456662.5,20140105.0,56662.0,J2000,,,1953-01-10,152563 (1992 BF),7.255079628088822,a0152563,,2018-02-13,338.7513132680388,0.06273680000000001,3.98834,24.415280455999998,1.139184432572146,,,385.0,,Y,315.42546972678485,JPL 69,152563.0,316.0155543796905,0.865203434304423,N,,2903329273.971703,Otto Matic,357666117.42683494,1992 BF,0.6611865155835186,0.49633,,37777029667.635284,146.99071204970832,1.067e-09,1.357e-09,3.7910000000000007e-08,4.8889e-06,1.9195e-05,2.0080999999999997e-09,2.0535e-05,5.5706e-07,3.4086e-08,1.6831e-05,2.8039e-05,Xc,Xc,,2152563.0,6.528,2456681.1525431043,20140123.6525431,,336.4359932159327
,,,,,,18.3,,,,2.233788112032645,3.2575527920144034,,AMO,2930.4715192475896,0.0,4714.0,,,6.860013,0.4583087690668112,2458200.5,20180323.0,58200.0,J2000,0.7507223600835079,,2001-08-04,283460 (2001 PD1),5.961231196561495,a0283460,,2014-07-01,334.4476454153309,0.239488,2.26231,93.20154496,0.2952168288833006,,,459.0,,Y,282.0135941474115,JPL 89,283460.0,1219.442676631108,3.33865209207696,N,,646078848513.425,Otto Matic,80757586260.89705,2001 PD1,1.210023432050887,0.45016999999999996,14.58,-543006384034.1929,146.54357596237952,3.9435999999999995e-09,5.751e-09,5.5723e-08,4.6459e-06,6.265399999999999e-06,7.8178e-10,6.4249e-05,3.2293e-06,1.253e-07,2.1241999999999998e-05,6.8717e-05,K,K,,2283460.0,3.488,2458287.054532414,20180617.554532398,,95.29569520535364
,,,,,,18.4,,,,1.324635766809485,1.4811868964887482,,AMO,2917.134768088169,0.0,8562.0,,,6.988049,0.1181842840136589,2458200.5,20180323.0,58200.0,J2000,0.7169342880402657,,1994-08-28,15817 Lucianotesi (1994 QC),13.87252477173012,a0015817,,2018-02-05,228.39133613537848,0.248309,3.56616,96.63441353,0.6464863474660495,,,655.0,Lucianotesi,Y,162.506771280579,JPL 91,15817.0,556.8563070373355,1.5245894785416398,N,,53165222431.77824,Otto Matic,6494017096.456949,1994 QC,1.1680846371302218,0.58249,11.0,691765898927.5535,145.87673840440848,2.7013999999999998e-09,3.0207e-09,3.782e-08,4.0008e-06,4.6841e-05,1.9777e-09,1.6442e-05,1.7034999999999999e-06,5.0254e-08,7.3038e-05,4.0235e-05,Xc,Xc,,2015817.0,4.901,2458404.0753181493,20181012.5753181,,94.29223116406293
,,,,,,21.4,,,,2.018510344519291,2.834516347761733,,AMO,2915.158249349044,6.0,61.0,,,6.920311,0.4042614918759675,2458200.5,20180323.0,58200.0,J2000,0.18008575104123226,,2002-02-06,(2002 CS11),9.815911510346453,bK02C11S,,2002-04-08,220.56434482114793,0.219377,2.18817,85.37494709,0.3436826471306517,,,53.0,,Y,346.28457202869834,JPL 17,2002 CS11,1047.477965517256,2.8678383723949503,N,,766162132.6999,Otto Matic,94437057.58182232,2002 CS11,1.202504341276849,0.76918,,10962909691.42802,145.75944479171758,0.00030329,0.00042589,7.4852e-05,0.0014371,0.46205,7.745899999999999e-05,0.00014944,0.23608,2.9610999999999998e-05,1.4359,0.0012367,X,X,,3114018.0,3.7,2458606.2104900205,20190502.71049,,160.3232707273491
,,,,,,16.4,,,,2.3982081592634983,3.7297531234632273,,AMO,2884.119274445859,0.0,9554.0,,,7.0058300000000004,0.5552249328551416,2458200.5,20180323.0,58200.0,J2000,1.8008575104123241,,1992-07-01,65706 (1992 NA),9.634560568582453,a0065706,,2018-08-28,319.803245836792,0.06295369999999999,1.7269900000000002,24.499691429000002,0.265383403515031,,,414.0,,Y,349.1967784608628,JPL 88,65706.0,1356.527933667902,3.71397107095935,N,,4547789048254.033,Otto Matic,547821628020.3036,1992 NA,1.06666319506377,0.50808,6.992000000000001,-3794768989365.9946,144.2259637222929,3.6961e-09,5.7482e-09,3.8685e-08,6.8524e-06,6.4546e-06,6.1351e-10,2.8153000000000003e-05,3.136e-06,9.2665e-08,2.456e-05,2.8711e-05,C,C,,2065706.0,3.283,2458351.966721848,20180821.466721803,,8.692879588507259
,,,,,,20.1,,,,1.8323045460595782,2.646359062952519,0.023,AMO,2877.624681831051,0.0,1829.0,0.84,,7.072786,0.4442790466484337,2458200.5,20180323.0,58200.0,J2000,,,2002-01-26,(2002 BM26),16.21326022992531,bK02B26M,,2007-01-29,176.81325257774571,0.031369799999999996,2.39788,12.208185065999999,0.3973814455178514,2.0,2.0,243.0,,Y,319.64195314153886,JPL 21,2002 BM26,905.9305713956087,2.4803027279825,Y,,77753596637.3021,Otto Matic,9256554441.37761,2002 BM26,1.0182500291666379,0.41913999999999996,2.7,1112565632961.588,143.90123409155257,8.355000000000001e-09,1.2067000000000001e-08,1.4084e-08,1.4494e-05,2.2466999999999997e-05,2.718e-09,6.4682e-06,6.1964e-06,2.541e-08,5.3958999999999996e-05,3.6044e-05,X,X,,3102786.0,3.861,2457755.5540807275,20170102.054080702,,180.4569020329397
,,,,,,20.9,,,,2.466426979780002,4.0958674748512784,,APO,2876.2887781154054,0.0,1283.0,,,7.04472,0.6606481799094729,2458200.5,20180323.0,58200.0,J2000,0.22671452828784544,,2002-01-05,(2002 AV),2.841923620340043,bK02A00V,,2005-07-11,78.38185211355595,0.0189441,1.3146200000000001,7.3724753970000005,0.2544495459763665,2.0,3.0,216.0,,Y,124.0095832038263,JPL 30,2002 AV,1414.8187948955401,3.87356275125404,Y,,17794489091.953518,Otto Matic,2125883760.352125,2002 AV,0.8369864847087253,0.57238,,-14955637690.028463,143.83443890577027,9.428200000000001e-08,1.5657e-07,6.3003e-08,1.5267e-05,9.5245e-05,1.459e-08,8.9149e-05,8.112399999999999e-05,1.6618e-07,0.00035666,8.5531e-05,K,K,,3102724.0,3.142,2457892.4552290305,20170518.955229,,285.6134359362769
,,,,,,15.9,,,,1.759185455213655,2.7785954512271394,0.14,APO,2868.2445489978636,0.0,6983.0,2.22,,7.131558999999999,0.5794784131441537,2458200.5,20180323.0,58200.0,J2000,,,1999-06-11,86039 (1999 NC43),7.125087022654216,a0086039,,2018-07-24,284.20485160377984,0.0248937,2.57196,9.687881229,0.4224123775257287,,,932.0,,Y,311.75240424036036,JPL 182,86039.0,852.247753980819,2.3333271840679504,Y,,2609752931.545384,Otto Matic,307125822.1276781,1999 NC43,0.7397754592001705,0.44621000000000005,34.49,-8540014593718.67,143.41744695575628,3.2371e-09,5.113e-09,4.6479999999999997e-08,7.5747000000000005e-06,5.924500000000001e-06,1.1659e-09,3.5919e-05,2.3524e-06,8.199400000000001e-08,1.4368e-05,3.5529e-05,Q,Q,,2086039.0,3.898,2458379.9340138426,20180918.4340138,,120.6201353276822
,,,,,,19.1,,,,1.076438996307364,1.1734024693002492,0.11,APO,2866.181148316511,0.0,4114.0,,,7.235798,0.0900780010065696,2458200.5,20180323.0,58200.0,J2000,0.6064969739782263,,2000-02-04,363067 (2000 CO101),15.32242476306109,a0363067,,2011-05-11,167.0238872718804,0.021838800000000002,3.93971,8.499005796,0.8825106192590847,6.0,0.0,785.0,,Y,353.0718008008809,JPL 139,363067.0,407.9271026814832,1.1168435391690201,Y,,29266348793.29333,Otto Matic,3392118267.1422515,2000 CO101,0.9794755233144784,0.35091,5.12,418768202088.0828,143.32905741582556,2.2532e-09,2.4562e-09,1.236e-08,7.0117999999999995e-06,1.2236e-05,2.771e-09,2.3027e-06,1.2808e-06,1.3393e-08,1.3687000000000001e-05,1.4194000000000002e-05,Xk,Xk,,2363067.0,5.707999999999999,2458011.240082185,20170914.7400822,,64.94512298637032
,,,,,,16.4,,,,2.199064456396229,3.389315821976707,0.16,APO,2842.9700664174075,0.0,12281.0,1.5,,7.182439,0.5412535144745289,2458200.5,20180323.0,58200.0,J2000,,,1984-05-27,3671 Dionysus (1984 KD),13.532813490737169,a0003671,,2018-01-10,126.172175369863,0.0216653,1.83395,8.431484801,0.3022366558525201,,,519.0,Dionysus,Y,82.08472204498554,JPL 90,3671.0,1191.119584699436,3.26110769253781,Y,,2624406119042.373,Otto Matic,303960131006.24976,1984 KD,1.0088130908157509,0.5149100000000001,2.7053,-2205720370226.2925,142.16850332087037,1.9116e-09,2.9463e-09,2.6419999999999998e-08,5.8414e-06,6.258300000000001e-06,3.941e-10,1.6755e-05,1.5532e-06,5.7886e-08,2.0247e-05,1.6994e-05,Cb,Cb,,2003671.0,3.429,2457783.038474647,20170129.5384746,,204.243689823858
,,,,,,18.0,,,,1.7727893314593401,2.8371491945092338,,APO,2841.62043929276,0.0,6952.0,,,7.248894,0.6003871098286251,2458200.5,20180323.0,58200.0,J2000,0.8619445964685667,,1999-01-15,137126 (1999 CF9),5.547292794532217,a0137126,,2018-01-27,359.1327033664399,0.0188842,2.22932,7.349164114,0.4175595103606071,5.0,3.0,671.0,,Y,157.10083159867992,JPL 134,137126.0,862.1525580607698,2.36044505971463,Y,,152749052.49796253,Otto Matic,17520967.510816496,1999 CF9,0.7084294684094465,0.46824,,-499847752536.8053,142.08132746274305,2.9854000000000005e-09,4.777800000000001e-09,2.081e-08,8.8908e-06,1.7681999999999999e-06,1.0548e-09,1.9444000000000002e-05,2.1778e-06,3.6067999999999996e-08,4.2398000000000005e-06,1.9938e-05,Q,Q,,2137126.0,3.864,2458202.5770611423,20180325.0770611,,90.22721339040308
,,,,,,21.5,,,,2.4091095713041812,3.7613921023262584,,AMO,2832.224380732282,5.0,111.0,,,7.211441000000001,0.5613204758843798,2458200.5,20180323.0,58200.0,J2000,0.17198055709247906,,2002-01-14,(2002 AH29),11.404846498546659,bK02A29H,,2002-05-05,108.5079623399377,0.109155,1.31891,42.47985135,0.2635841213853322,,,137.0,,Y,117.9410259623362,JPL 30,2002 AH29,1365.787886265417,3.7393234394672596,N,,7767576215.262637,Otto Matic,892640045.260071,2002 AH29,1.056827040282104,0.6139100000000001,,-6528372632.945162,141.62675418904462,0.00014432,0.00022533,2.8999999999999997e-05,0.00047741,0.16377,2.3686e-05,3.3083e-05,0.12272999999999999,6.553999999999999e-06,0.58432,0.00022788,K,K,,3102770.0,3.264,2457788.8364985352,20170204.3364985,,35.84513244225586
,,,0.677,,,15.1,,,0.267,2.822403680347508,4.464345528919328,0.15,AMO,2820.662045084916,0.0,14732.0,2.3,,7.2300960000000005,0.581753014285205,2458200.5,20180323.0,58200.0,J2000,,,1977-07-17,6178 (1986 DA),4.305726631472433,a0006178,,2017-11-16,274.74286364279493,0.19100999999999999,0.521608,74.3353617,0.2078621328665937,1.0,1.0,420.0,,Y,64.64168697273476,JPL 77,6178.0,1731.917184892203,4.74173082790473,N,,4245685042383.5586,Otto Matic,484663155089.2425,1986 DA,1.180461831775689,0.57763,3.5,60750929485220.4,141.05310225424583,1.5407e-08,2.4371e-08,2.6423e-08,7.7594e-06,1.5098e-05,1.7021e-09,9.4827e-05,1.4182e-05,7.7558e-08,7.5909e-05,9.499600000000001e-05,M,,,2006178.0,3.0380000000000003,2458610.6619433104,20190507.1619433,,127.37395781793909
,,,,,,16.7,,,,2.8490959638647513,4.527549351479228,0.02,AMO,2818.904096020648,0.0,8742.0,4.106,0.5920000000000001,7.237622999999999,0.5891178847263829,2458200.5,20180323.0,58200.0,J2000,,,1994-09-01,16064 Davidharvey (1999 RH27),4.539788559854951,a0016064,,2018-08-08,271.8401277088468,0.202781,0.8614350000000001,78.91628177,0.2049478929184987,,,960.0,Davidharvey,Y,335.5723582376432,JPL 80,16064.0,1756.54404089512,4.80915548499691,N,,53903764015381.99,Otto Matic,6143115434081.631,1999 RH27,1.1706425762502741,0.47223000000000004,178.5,-44978412570434.63,140.9652048010324,1.4753e-08,2.3443999999999998e-08,4.0389e-08,3.8804e-06,1.3378e-05,1.5919e-09,5.779e-05,1.3643e-05,1.1344000000000002e-07,6.8309e-05,5.8463999999999995e-05,C,C,,2016064.0,3.0180000000000002,2458630.657495331,20190527.1574953,,104.8150232664229
,,,,,,18.1,,,,2.6445887136138655,4.031018619798046,,AMO,2816.332476504382,0.0,11070.0,,,7.255,0.5242516157794558,2458200.5,20180323.0,58200.0,J2000,0.8231506991887187,,1982-11-13,207970 (1996 BZ3),3.371774961597721,a0207970,,2013-03-05,64.25316719251323,0.281636,1.2151100000000001,109.60428212,0.2291748013997264,,,190.0,,Y,178.31340430654149,JPL 45,207970.0,1570.85333030174,4.3007620268357005,N,,73167915641.87744,Otto Matic,8310983696.341181,1996 BZ3,1.2581588074296841,0.6281,,1046949747653.6284,140.8366238252191,1.4019999999999999e-08,2.1371000000000003e-08,5.1972e-08,1.4124e-05,2.0658e-05,1.8224999999999999e-09,0.00010852,1.2492e-05,1.3933e-07,8.808e-05,0.00011323,X,X,,2207970.0,3.18,2457920.13249537,20170615.6324954,,278.2053978974429
,,,,,,17.2,,,,2.386582458823473,3.6484132008230956,,AMO,2809.6692083634143,0.0,6189.0,,,7.316730000000001,0.5287186861423899,2458200.5,20180323.0,58200.0,J2000,1.2458889999152165,,2001-02-04,322775 (2001 HA8),11.45768028169296,a0322775,,2018-01-15,179.2043536522266,0.12303599999999999,1.6188200000000001,47.88192012,0.26732489658527503,,,256.0,,Y,95.7350607609321,JPL 77,322775.0,1346.675916080125,3.68699771685181,N,,1505914487814.6023,Otto Matic,169209099763.27145,2001 HA8,1.124751716823852,0.64903,,-1256566111216.1194,140.50346041817073,1.7857e-08,2.7298e-08,5.977699999999999e-08,8.3116e-06,2.0152e-05,3.0002e-09,6.2993e-05,1.5114000000000001e-05,1.3781e-07,7.3726e-05,6.7486e-05,C,C,,2322775.0,3.307,2457530.138369111,20160521.638369102,,202.6364738266137
,-3.402004731725781e-15,,0.8190000000000001,0.09,,16.25,,,0.48100000000000004,1.470162312389734,2.293102429367948,0.25,APO,2807.257462943133,0.0,31567.0,1.5,,7.484202000000001,0.5597614018825802,2455958.5,20120201.0,55958.0,J2000,,,1930-12-13,1862 Apollo (1932 HA),6.353445562610878,a0001862,,2017-05-17,206.62908031221968,0.025757,3.06422,10.02385169,0.5529121656575184,8.0,9.0,1586.0,Apollo,Y,35.731688034745595,JPL 285,1862.0,651.0979905314456,1.78260914587665,Y,,805034046.4611495,Otto Matic,88356037.90588945,1932 HA,0.6472221954115209,0.48294,3.065,-2634349950187.6323,140.36448321524958,1e-09,1.5598000000000001e-09,1.3563e-08,3.5906e-06,1.7607e-06,5.6415e-10,2.4446999999999998e-05,6.6433e-07,2.0196e-08,3.4651e-06,2.533e-05,Q,Q,Q,2001862.0,4.415,2456235.8874933743,20121104.387493398,,285.8593797344928
,,,,,,16.6,,,,2.734620308695246,4.24731303102838,0.037000000000000005,AMO,2799.8782234048463,0.0,22959.0,3.183,0.106,7.334631,0.5531637125356084,2458200.5,20180323.0,58200.0,J2000,,,1955-10-23,17274 (2000 LC16),5.568284355324776,a0017274,,2018-09-01,326.1994644021186,0.21240799999999999,1.14164,82.66282136,0.2179508272430111,,,1354.0,,Y,305.77557003160837,JPL 142,17274.0,1651.7487203597839,4.522241534181481,N,,4230508236621.214,Otto Matic,472540088774.3508,2000 LC16,1.221927586362112,0.35205,16.495,60533766636946.22,140.0139111702423,4.1329e-09,6.419e-09,2.8915e-08,4.061000000000001e-06,2.6627999999999997e-06,4.9409e-10,2.2846999999999997e-05,3.7445e-06,7.983799999999999e-08,1.2559000000000001e-05,2.3806e-05,Xk,Xk,,2017274.0,3.105,2458355.583309504,20180825.0833095,,21.26372641156565
,,,,,,20.1,,,,2.041297771546642,2.911997347538005,,AMO,2777.152551914237,1.0,1233.0,,,7.543489,0.4265421675014394,2458200.5,20180323.0,58200.0,J2000,0.32770219579315385,,2001-10-23,(2001 WH2),15.040391338407161,bK01W02H,,2005-03-09,203.20262729856603,0.194299,2.32174,75.61534183,0.3379438377661226,,,114.0,,Y,80.79267969723865,JPL 30,2001 WH2,1065.265762440508,2.9165387062026205,N,,4616583375.454983,Otto Matic,497317107.61765546,2001 WH2,1.17059819555528,0.56015,,66058063258.37422,138.86686076246278,1.5932e-07,2.2728e-07,1.6338e-07,2.2910999999999998e-05,0.00026768,3.9563999999999996e-08,2.2400999999999998e-05,0.00012471,2.7965e-07,0.00084621,0.00010684,X,X,,3092504.0,3.6430000000000002,2458664.4746466097,20190629.9746466,,16.9898661849405
,,,,,,18.6,,,,2.6914982396373435,4.235268498298509,0.037000000000000005,AMO,2774.6444658383907,0.0,4752.0,1.312,0.022000000000000002,7.491553999999999,0.5735728286670455,2458200.5,20180323.0,58200.0,J2000,,,2000-11-21,380188 (2000 WC67),9.998618049000909,a0380188,,2013-11-25,312.8627555857784,0.232161,1.15351,90.35009637,0.2232096280343612,,,145.0,,Y,251.7606607270726,JPL 29,380188.0,1612.8336540419352,4.41569788923186,N,,296267582823.2181,Otto Matic,32107375139.843155,2000 WC67,1.147727980976179,0.41823999999999995,,4239252524192.306,138.7522232919195,1.1868e-07,1.8675e-07,1.4937999999999998e-07,2.9775999999999997e-05,7.5954e-05,1.4763e-08,7.0153e-05,0.00010667,3.9485e-07,0.00035407,7.8816e-05,X,X,,2380188.0,3.094,2458411.679261528,20181020.1792615,,249.3390712933458
,,,,,,20.8,,,,2.5116142503853633,4.251847689997609,,APO,2769.874543426172,8.0,18.0,,,7.585068,0.6928744887258212,2450936.5,19980503.0,50936.0,J2000,0.23739925482809596,,1998-04-21,(1998 HT31),6.7911592343732154,bJ98H31T,,1998-05-09,348.0727783790149,0.0311557,1.13232,12.124863769000001,0.2476136979766635,,,144.0,,Y,213.9050034821358,JPL 13,1998 HT31,1453.8775638895731,3.9804998326887704,Y,,10418382822.256676,Otto Matic,1113233257.7300534,1998 HT31,0.7713808107731179,0.62351,,-8693313527.464788,138.5137271713086,0.0097821,0.01656,0.0012957,0.010986,0.07650900000000001,0.0014466,0.0011078,8.4937,0.00024985,0.027576999999999997,0.0019851,C,C,,3013039.0,3.0669999999999997,2450984.6686664284,19980620.168666396,,80.42004986794736
,,,,,,14.3,,,,2.250989581466554,3.006589420318523,,MCA,2768.76326974333,0.0,31641.0,,,7.546119,0.3356745162541731,2458200.5,20180323.0,58200.0,J2000,4.736737867601933,,1931-09-07,1198 Atlantis (1931 RA),2.7234903957294665,a0001198,,2018-04-24,226.59080405874582,0.490176,2.42049,190.76179392,0.2918393480996949,,,1484.0,Atlantis,N,259.5590518632505,JPL 23,1198.0,1233.555387044727,3.3772905873914505,N,,48690555525971.69,Otto Matic,5227477178569.929,1931 RA,1.4953897426145848,0.51046,16.0,-80548090427250.31,138.4581634871665,6.5222000000000005e-09,8.7115e-09,3.9008e-08,3.4125e-06,6.1165e-06,1.2684e-09,8.986399999999999e-05,5.3613e-06,8.9719e-08,2.2438e-05,8.9959e-05,L,L,,2001198.0,3.549,2458657.632312041,20190623.132312,,84.53175894336731
,,,,,,20.3,,,,2.068579455945661,3.017385417335661,,AMO,2769.011793845632,0.0,5622.0,,,7.601917,0.4586751350850324,2458200.5,20180323.0,58200.0,J2000,0.29886795464408883,,2000-11-19,(2000 WJ10),16.073451347188552,bK00W10J,,2016-04-11,280.00122892012166,0.18897,2.30857,73.5414549,0.3312804162062716,,,82.0,,Y,59.2044053357651,JPL 24,2000 WJ10,1086.692669982176,2.9752023818813904,N,,3502036621.8726807,Otto Matic,373256694.6152479,2000 WJ10,1.119773494555662,0.51175,,50110165437.6619,138.45759376552533,1.659e-08,2.4199999999999998e-08,1.4949000000000002e-07,1.8305e-05,2.4944e-05,3.9853e-09,2.4038000000000003e-05,1.3073e-05,3.0149000000000003e-07,7.7747e-05,3.9523e-05,Xk,Xk,,3076547.0,3.592,2458441.983550389,20181119.4835504,,42.072648259227094
,,,,,,20.3,,,,1.525537081124752,1.911644010687216,,AMO,2759.7904129233916,0.0,6195.0,,,7.800539,0.2530957354886412,2458200.5,20180323.0,58200.0,J2000,0.29886795464408883,,2001-04-18,516398 (2001 HW15),18.98880539032968,a0516398,,2018-04-04,330.7283656261561,0.133745,3.12412,52.04954165,0.5230821753643502,,,172.0,,Y,56.51311114609445,JPL 43,516398.0,688.2283835216597,1.8842666215514299,N,,3502036621.8726807,Otto Matic,362541237.62808186,2001 HW15,1.139430151562288,0.40386,,50110165437.6619,137.99652471941332,5.5734e-09,6.984e-09,1.3647e-07,2.7147e-05,3.1545e-05,2.8665e-09,1.5724e-05,3.7716000000000004e-06,2.0819000000000001e-07,6.0508000000000004e-05,3.9856e-05,X,X,,2516398.0,4.401,2458256.4599155784,20180517.9599156,,194.78906998150342
,,,,,,19.5,,,,1.7332569599537908,2.37501713509111,,AMO,2755.005613456983,0.0,6041.0,,,7.787901,0.3702625692352207,2458200.5,20180323.0,58200.0,J2000,0.43199562784405615,,1999-10-16,446804 (1999 VN6),19.48359383409795,a0446804,,2016-04-30,351.80099192164863,0.167186,2.94163,65.06377562,0.4319262956714249,,,292.0,,Y,58.07600919852373,JPL 43,446804.0,833.4755341542328,2.28193164723952,N,,62776964409.4317,Otto Matic,6498118366.853131,1999 VN6,1.091496784816472,0.47361000000000003,24.1,-52382394007.237885,137.77028067284914,1.743e-09,2.3884e-09,5.267e-08,1.214e-05,1.2122e-05,6.515499999999999e-10,1.1601e-05,1.2573e-06,9.1075e-08,2.8074000000000003e-05,2.5056999999999997e-05,C,C,,2446804.0,4.013,2458219.4824239933,20180410.982424,,43.568829980298645
,,,,,,19.0,,,,2.6699278231991936,4.154840039216696,,AMO,2751.6058836655266,0.0,4948.0,,,7.653261,0.55616193183763,2458200.5,20180323.0,58200.0,J2000,0.5438502736768585,,2001-08-22,413123 (2001 XS1),10.937437146649392,a0413123,,2015-03-10,266.636912778067,0.20411400000000002,1.18939,79.43504538,0.2259200586897597,,,308.0,,Y,266.9250768007786,JPL 64,413123.0,1593.4840053063322,4.36272143821035,N,,125082144575.89928,Otto Matic,13158920536.878584,2001 XS1,1.1850156071816922,0.5586899999999999,,-105127111326.55176,137.6002941832763,8.3437e-09,1.2984e-08,7.5541e-08,6.867999999999999e-06,8.3005e-06,1.059e-09,1.9794e-05,7.4696000000000004e-06,2.0327000000000002e-07,3.8472e-05,3.0522e-05,Cb,Cb,,2413123.0,3.1180000000000003,2458613.7571838167,20190510.2571838,,164.8452116180182
,,,0.732,,,15.38,,,0.235,1.4041313102860702,1.901624401514731,0.64,APO,2750.365282534516,0.0,12941.0,1.5,,7.961385000000001,0.3543066717366376,2458200.5,20180323.0,58200.0,J2000,,,1982-01-21,3103 Eger (1982 BB),20.92930118169699,a0003103,,2017-06-27,322.4118573239365,0.0790216,3.7011199999999995,30.752836071999997,0.5923692258476281,1.0,3.0,2871.0,Eger,Y,129.76613809410392,JPL 453,3103.0,607.7290721591281,1.66387151857393,N,,442747794263.0632,Otto Matic,44755189249.794235,1982 BB,0.9066382190574084,0.40259,5.7059,6335217935504.669,137.53826412672578,6.3721e-10,8.6298e-10,1.7062e-08,4.573e-06,3.6151e-06,4.0324e-10,5.1654e-06,4.1369e-07,2.3674e-08,6.1027e-06,6.0827e-06,Xe,Xe,,2003103.0,4.613,2458263.953908535,20180525.4539085,,254.07561322938858
,,,,,,15.3,,,,2.195033602922483,3.049806897040794,,MCA,2744.06296500336,0.0,16919.0,,,7.762944999999999,0.3894123957739237,2458200.5,20180323.0,58200.0,J2000,2.988679546440889,,1971-08-01,3833 Calingasta (1971 SC),12.018356789048278,a0003833,,2017-11-26,110.36760684419109,0.332886,2.37593,129.54924462,0.30306955708595,,,762.0,Calingasta,N,170.1646269961907,JPL 17,3833.0,1187.846128332529,3.25214545744703,N,,20758468949237.42,Otto Matic,2147079485838.225,1971 SC,1.340260308804171,0.5415,199.0,-17446757757427.596,137.223148250168,5.582600000000001e-09,7.756499999999999e-09,5.7460000000000006e-08,6.349e-06,8.1573e-06,1.1562e-09,2.072e-05,4.5316e-06,1.2617e-07,2.5919e-05,2.1399e-05,Cb,Cb,,2003833.0,3.5410000000000004,2457836.33407088,20170323.8340709,,174.2018574190617
,-7.643376510438237e-14,,,,,18.4,,,,1.059509941120145,1.5298715147033768,0.52,APO,2739.2229482782714,0.0,10565.0,0.42,,8.357772,0.4439425769671891,2455202.5,20100106.0,55202.0,J2000,,,1986-08-02,4034 Vishnu (1986 PA),11.17043792956858,a0004034,,2015-07-06,62.85109471384038,0.0193934,3.68635,7.547329477999999,0.903746274419176,0.0,1.0,486.0,Vishnu,Y,158.0140756738879,JPL 74,4034.0,398.3418910704407,1.0906006600148999,Y,,242455317281.26715,Otto Matic,23251652063.18573,1986 PA,0.5891483675369131,0.4206,,-62094002599.05122,136.9811474139136,4.265600000000001e-09,6.1592e-09,7.269e-08,7.5749e-06,1.5529e-05,5.4576999999999995e-09,4.4875e-05,2.4056e-06,7.6389e-08,1.7273e-05,4.1682e-05,O,O,,2004034.0,5.704,2455132.954933544,20091028.454933498,,296.6030770773073
,,,,,,17.9,,,,2.6570078766780094,4.148234658289374,0.043,AMO,2735.670455285979,0.0,4956.0,1.77,,7.795037,0.5612428908098714,2458200.5,20180323.0,58200.0,J2000,,,2000-01-28,350513 (2000 BG19),12.57527302263956,a0350513,,2013-08-23,36.85226383008029,0.277433,1.21926,107.96860061,0.2275698960255125,,,274.0,,Y,147.5717783824677,JPL 33,350513.0,1581.9315572374342,4.33109255917162,N,,727448793903.6293,Otto Matic,74702178638.7885,2000 BG19,1.165781095066645,0.6322800000000001,,10408965795008.107,136.80352276429895,2.4018999999999998e-08,3.75e-08,1.0312000000000001e-07,1.7807e-05,2.2291e-05,3.0859000000000003e-09,3.3378000000000005e-05,2.1451e-05,2.7376e-07,9.580399999999999e-05,4.6036000000000004e-05,X,X,,2350513.0,3.113,2458038.5617802544,20171012.0617803,,79.57778205892363
,,,,,,14.7,,,,2.102859346653653,2.993641517457952,0.36,AMO,2734.8818150303805,0.0,10767.0,2.3,,7.886261999999999,0.4236052079383381,2458200.5,20180323.0,58200.0,J2000,,,1989-03-10,5751 Zao (1992 AC),16.072053388500592,a0005751,,2018-09-01,198.728179741992,0.24406799999999998,2.07389,94.98394356,0.32321293743000107,,,1319.0,Zao,Y,121.68316601068899,JPL 205,5751.0,1113.816800968761,3.0494642052532797,N,,1596122196384.7966,Otto Matic,161964091740.78088,1992 AC,1.212077175849355,0.5152100000000001,76.0,22838695295195.64,136.76409075151906,1.375e-08,1.9575e-08,5.0568999999999994e-08,5.8766e-06,3.5005e-05,3.1701e-09,1.358e-05,1.0924e-05,1.1055e-07,0.00011316,2.2434000000000002e-05,X,X,,2005751.0,3.5810000000000004,2458699.46461924,20190803.964619197,,25.255223408845037
,,,,,,20.0,,,,3.216012156504125,5.206337744466157,,AMO,2733.6391020747283,6.0,46.0,,,7.749935000000001,0.6188799951942836,2458200.5,20180323.0,58200.0,J2000,0.34314632447397714,,1999-09-30,(1999 SE10),6.882679137340017,bJ99S10E,,1999-11-15,70.47110868959695,0.231302,0.239592,90.01579934,0.1708942896931326,,,84.0,,Y,40.432537239206816,JPL 11,1999 SE10,2106.565413311564,5.7674617749803305,N,,5300546921.470958,Otto Matic,547077737.0751464,1999 SE10,1.225686568542095,0.5947899999999999,,75844804559.17278,136.69255619757934,0.0014062999999999999,0.0022767,0.00017773,0.0013449000000000002,0.79796,0.00011209,0.0016626999999999998,1.3818,3.5638e-05,4.3988,0.00090614,X,X,,3024682.0,2.844,2457788.133332769,20170203.6333328,,349.4067348896622
,,,,,,15.2,,,,2.7261824538465,4.4741514712999555,,APO,2731.7689295942387,0.0,10146.0,7.0,1.4,7.8565119999999995,0.6411782949402969,2458200.5,20180323.0,58200.0,J2000,,,1990-04-27,53319 (1999 JM8),13.82922369169608,a0053319,,2018-02-05,62.799316978496606,0.023839700000000002,0.8490719999999999,9.277696049,0.2189634849162969,8.0,10.0,1222.0,,Y,133.6392457658796,JPL 215,53319.0,1644.10974796833,4.50132716760665,Y,,44996294350290.57,Otto Matic,4578004051153.941,1999 JM8,0.9782134363930468,0.43836,136.0,643845852408326.2,136.60844647971194,5.710800000000001e-09,9.3725e-09,8.917799999999998e-09,3.0047000000000002e-06,2.5599000000000003e-06,6.880300000000001e-10,7.2984e-06,5.1662e-06,2.4844e-08,1.0809000000000001e-05,8.9628e-06,X,X,,2053319.0,2.987,2457913.6973077497,20170609.1973077,,166.7719119134354
,,,,,,15.7,,,,2.537480773257016,4.3314541696903,0.154,APO,2729.5834850736564,0.0,13408.0,1.859,0.183,7.952103,0.7069899466196173,2458200.5,20180323.0,58200.0,J2000,,,1981-12-16,8201 (1994 AH2),9.553473844754167,a0008201,,2018-09-01,334.20850763177987,0.101858,0.661747,39.64007786,0.2438371836513263,0.0,1.0,738.0,,Y,164.1103579013292,JPL 114,8201.0,1476.395005098074,4.04214922682567,N,,21024322569788.387,Otto Matic,2111648542256.9844,1994 AH2,0.7435073768237328,0.54582,23.949,-5384432706737.743,136.49917425368284,6.886800000000001e-09,1.1756e-08,3.0353e-08,4.4384e-06,8.7549e-06,9.9268e-10,4.7033e-05,6.0104999999999995e-06,7.787899999999999e-08,3.6321999999999995e-05,4.7586e-05,O,O,,2008201.0,3.025,2458306.273418073,20180706.773418102,,25.132736800061412
,,,,,,18.0,,,,3.142048207223078,5.394323494991033,,APO,2724.4413729231305,0.0,12516.0,,,7.907353,0.7168175467805763,2458200.5,20180323.0,58200.0,J2000,0.8619445964685667,,1983-11-06,506437 (2000 WL10),10.252783677640391,a0506437,,2018-02-11,42.70505148177252,0.06488390000000001,0.932846,25.250867363,0.1769639517758684,,,294.0,,Y,252.08687234261347,JPL 31,506437.0,2034.312617837297,5.569644402018611,N,,92390567602.58888,Otto Matic,9314492890.144749,2000 WL10,0.8897729194551235,0.55793,,1202151352456.8557,136.24206864615653,5.8901000000000006e-08,1.0112e-07,8.4664e-08,1.0738e-05,2.6003e-05,4.976100000000001e-09,2.5759000000000002e-05,5.7203e-05,2.7984e-07,0.00014017,4.1404e-05,Xc,Xc,,2506437.0,2.722,2457959.1793747917,20170724.679374803,,115.2005835652241
,,,,,,18.6,,,,0.7405179926083698,1.0060997050131608,,ATE,2719.484555578241,0.0,6571.0,,,9.950736000000001,0.3586431593232692,2458200.5,20180323.0,58200.0,J2000,0.6538518417986329,,2000-01-31,162385 (2000 BM19),6.888662353068705,a0162385,,2018-01-27,295.5362332005436,0.0834453,4.25245,32.474407401,1.5466806459926952,2.0,0.0,199.0,,Y,70.34014823190532,JPL 48,162385.0,232.75651695308034,0.637252613150117,N,,914791027124.3092,Otto Matic,73154075993.04198,2000 BM19,0.4749362802035787,0.46581999999999996,9.47,-234282493998.47006,135.99422777891206,4.008e-09,5.4453999999999994e-09,1.091e-07,1.6109e-05,3.9419e-05,1.2557000000000001e-08,0.0001295,1.8896e-06,8.007099999999999e-08,2.546e-05,0.00012409,O,O,,2162385.0,7.726,2458242.1787828607,20180503.6787829,,247.5880616481419
,,,,,,17.1,,,,1.052741566352105,1.3496726823572471,0.38299999999999995,APO,2717.357649140596,0.0,5917.0,0.657,0.193,8.943219000000001,0.2820550888230332,2458200.5,20180323.0,58200.0,J2000,,,1997-10-19,219071 (1997 US9),20.01857885316768,a0219071,,2013-12-31,147.51099642599968,0.248952,3.6157,96.88464984,0.9124759308392814,,,778.0,,Y,212.21745009771192,JPL 137,219071.0,394.53095455227793,1.08016688446893,N,,67645136.80487025,Otto Matic,6014156.937226301,1997 US9,0.7558104503469631,0.45893999999999996,3.52,-221358293547.58276,135.8680177473034,1.7705999999999999e-09,2.27e-09,8.493499999999999e-08,1.059e-05,2.5206999999999998e-05,2.3021e-09,1.3393e-05,9.9535e-07,8.8994e-08,2.7465e-05,2.103e-05,Q,Q,,2219071.0,5.754,2458038.8398493696,20171012.339849398,,357.3715092077739
,,,,,,19.9,,,,2.945315633847365,4.63847315962345,0.177,AMO,2713.280151428009,0.0,1865.0,0.34,0.06,7.983560000000001,0.5748645429774769,2458200.5,20180323.0,58200.0,J2000,,,2001-08-20,(2001 SJ262),10.80176357195476,bK01SQ2J,,2006-09-28,89.50050376240883,0.257706,0.8827790000000001,100.29144402,0.1949872929501336,,,118.0,,Y,210.4293347745702,JPL 32,2001 SJ262,1846.274157424541,5.05482315516644,N,,30605466838.74306,Otto Matic,3043562981.46495,2001 SJ262,1.2521581080712818,0.59259,,-25537832830.94885,135.68400757140046,2.2862e-07,3.6005000000000005e-07,1.2116e-07,1.7650999999999998e-05,0.00014605,2.2703e-08,3.8421e-05,0.00021497,4.1624e-07,0.00069562,0.00011756,C,C,,3092337.0,2.9760000000000004,2457741.4931467418,20161218.9931467,,164.8855901038839
,,,,,,14.6,,,,3.763195607496796,6.251813004718857,,AMO,2713.0480063773152,0.0,13203.0,,,7.902775999999999,0.6613042894353929,2458200.5,20180323.0,58200.0,J2000,4.125526217847495,,1982-04-20,85490 (1997 SE5),2.572538822542097,a0085490,,2018-06-13,311.84165695933,0.270278,0.29683200000000004,105.18408926,0.1350109161186867,,,745.0,,Y,247.82410258082712,JPL 98,85490.0,2666.451057065103,7.300345125434919,N,,76103919.0889479,Otto Matic,7644869.368175399,1997 SE5,1.2745782102747352,0.56558,9.0583,-38115379477048.09,135.65255252670394,8.638299999999999e-08,1.4351e-07,5.081e-08,6.2065e-06,2.3839e-05,4.6487e-09,0.00016835,9.181200000000001e-05,2.0410999999999997e-07,0.00018458,0.00016924,T,T,,2085490.0,2.657,2458557.199624187,20190314.6996242,,93.90952223339536
,-3.890364735533115e-15,,0.7120000000000001,0.12,,16.05,,,0.31,0.8320413125810658,1.195237516354343,0.13,ATE,2712.059805736872,0.0,14999.0,2.3,0.2,10.649080999999999,0.4365122239502867,2453681.5,20051107.0,53681.0,J2000,,,1975-10-03,2100 Ra-Shalom (1978 RA),15.7559714300814,a0002100,,2016-10-26,104.564615889354,0.149558,3.77967,58.20348686,1.2986339076561,7.0,2.0,1494.0,Ra-Shalom,Y,170.88486648703469,JPL 182,2100.0,277.21438496070283,0.758971622069001,N,,1755387853952.4092,Otto Matic,130811360155.82236,1978 RA,0.4688451088077891,0.39071,19.797,22840447217428.887,135.6229902868436,3.6343e-10,5.2208e-10,2.4878e-08,2.2443000000000003e-06,1.0237e-05,8.5086e-10,5.6379e-06,1.8163e-07,2.0802e-08,7.8766e-06,2.9869e-06,Xc,Xc,C,2002100.0,6.946000000000001,2453600.981067549,20050818.481067497,,355.98277414696815
,,,,,,18.3,,,,1.14700237853043,1.6806992123006141,,APO,2711.4615598373475,0.0,7734.0,,,9.071487,0.4652970593260407,2458200.5,20180323.0,58200.0,J2000,0.7507223600835079,,1997-01-15,136793 (1997 AQ18),17.37308642180248,a0136793,,2018-03-20,187.03019766378208,0.186305,3.7116300000000004,72.50431685,0.8023384333923002,,,336.0,,Y,296.2741332532746,JPL 82,136793.0,448.68846488870537,1.22844206677264,N,,329458192539.0428,Otto Matic,28814462408.27457,1997 AQ18,0.6133055447602471,0.5606800000000001,,-274906711607.41473,135.59307799186735,3.5203e-09,5.1582e-09,7.6433e-08,8.6215e-06,2.1998000000000002e-05,3.6936999999999998e-09,1.4965999999999999e-05,2.0656e-06,8.884600000000001e-08,2.7924000000000002e-05,1.9115e-05,C,C,,2136793.0,5.33,2458416.0820974507,20181024.5820975,,37.009046640443074
,,,,,,14.6,,,,0.8191240287609861,1.197986691998917,,ATE,2710.8395433350743,0.0,6626.0,,,13.130306,0.4625217304527148,2458200.5,20180323.0,58200.0,J2000,4.125526217847495,,1999-04-20,137170 (1999 HF1),25.66117301529924,a0137170,,2017-06-10,298.51434314312434,0.17364300000000002,4.31419,67.57664631,1.329473162582287,,,3140.0,,Y,155.88061016079217,JPL 370,137170.0,270.7839542249638,0.7413660622175601,N,,9211294832957.182,Otto Matic,556461200818.5559,1999 HF1,0.4402613655230556,0.34428000000000003,2.3192,131803164219264.88,135.5619771667537,1.6922999999999998e-09,2.475e-09,8.199e-08,7.6535e-06,2.0274e-05,4.119899999999999e-09,2.3465e-05,8.3914e-07,6.780800000000001e-08,1.5349e-05,2.0995e-05,X,X,,2137170.0,6.987,2458246.748136922,20180508.2481369,,253.3877739646574
,,,,,,16.6,,,,0.8293200541539317,1.292312990941779,0.027000000000000003,ATE,2710.810107436408,0.0,6653.0,3.879,0.162,12.767603,0.5582801651410563,2458200.5,20180323.0,58200.0,J2000,,,1999-12-28,137805 (1999 YK5),16.745190386525213,a0137805,,2018-03-16,198.8207437633022,0.11435,3.9326,44.5015895,1.3050309840984529,,,886.0,,Y,349.5715203575231,JPL 174,137805.0,275.8555194371088,0.755251251025623,N,,7656705936148.353,Otto Matic,475682237366.2089,1999 YK5,0.36632711736608503,0.4611,3.93,109558763255523.36,135.56050537182043,1.7171e-09,2.6758000000000002e-09,6.903400000000001e-08,7.0237e-06,1.8731e-05,4.053199999999999e-09,3.7258e-05,8.5675e-07,5.7659e-08,1.4543e-05,3.1223e-05,X,X,,2137805.0,6.909,2458324.0060762544,20180724.5060763,,292.8413080934404
,,,,,,17.1,,,,0.8830998155529205,1.441992403334486,0.055999999999999994,ATE,2708.5909837541585,0.0,10251.0,1.462,0.021,14.846034,0.632875896856162,2458200.5,20180323.0,58200.0,J2000,,,1990-06-22,85989 (1999 JD6),17.05682843906843,a0085989,,2018-07-16,8.035462476684378,0.0481537,3.8637,18.739975429,1.187652487804469,11.0,4.0,2558.0,,Y,130.19897916790342,JPL 316,85989.0,303.1189709925225,0.82989451332655,Y,,4771880802787.093,Otto Matic,254746253144.3852,1999 JD6,0.3242072277713547,0.30480999999999997,7.6638,-4010596764970.178,135.44954918770793,1.1638e-09,1.9003e-09,2.6162e-08,3.9224e-06,2.3697999999999997e-06,2.3476999999999997e-09,2.4115e-06,5.992e-07,2.3107000000000003e-08,1.9837e-06,1.3076e-06,K,K,,2085989.0,6.502000000000001,2458193.7341635632,20180316.2341636,,309.1883927765962
,,,,,,19.3,,,,0.9114278533134722,1.622927291081997,0.129,ATE,2708.409909432395,0.0,6254.0,0.51,0.083,18.992339,0.7806426314292321,2458200.5,20180323.0,58200.0,J2000,,,2000-11-29,153201 (2000 WO107),7.7708175814543585,a0153201,,2018-01-13,20.437686492905268,0.00302291,3.5559199999999995,1.1764258847,1.132714941073326,,,440.0,,Y,69.25662859908168,JPL 115,153201.0,317.8204744601277,0.8701450361673578,Y,,17401759305.71544,Otto Matic,726129930.650745,2000 WO107,0.1999284155449471,0.56263,,248999405737.0755,135.44049547161976,2.1855e-09,3.8915e-09,6.1345e-08,8.5963e-06,1.9475e-05,4.0741e-09,2.4326e-05,1.1431000000000001e-06,5.6139000000000004e-08,1.715e-05,2.4409e-05,X,X,,2153201.0,6.227,2458182.456902172,20180304.9569022,,213.7030924245709
,,,,,,20.5,,,,0.9131854413786848,1.2492914236927402,,ATE,2705.8020633777624,0.0,7657.0,,,13.580194,0.3680588488211308,2458200.5,20180323.0,58200.0,J2000,0.27257081417153944,,1997-01-10,(1997 AC11),31.693309161552392,bJ97A11C,,2017-12-28,352.8088129791217,0.102914,3.9276800000000005,40.05104138,1.129446347538865,,,151.0,,Y,116.94139944796709,JPL 18,1997 AC11,318.74024010477586,0.8726632172615358,N,,2921646279.399423,Otto Matic,170334619.72164267,1997 AC11,0.5770794590646299,0.56633,,38015363660.15507,135.2959464614469,2.0269e-09,2.7729000000000002e-09,7.520000000000001e-07,5.499e-05,0.00013094,3.7603e-09,8.0605e-06,1.0612e-06,6.8572e-07,0.00011592,3.9143e-05,Xc,Xc,,3009717.0,6.361000000000001,2458206.8670018823,20180329.3670019,,141.5558664241343
,,,,,,16.1,,,,0.9297101163441072,1.3534140881124992,0.237,ATE,2705.4151263627864,0.0,6663.0,1.646,0.043,13.754435,0.4557377233180165,2458200.5,20180323.0,58200.0,J2000,,,2000-03-15,152931 (2000 EA107),28.57764209405973,a0152931,,2018-06-12,218.71979675993234,0.161632,4.17769,62.90232544,1.0994683676387729,,,1015.0,,Y,52.89971164086938,JPL 195,152931.0,327.4309753659752,0.896457153637167,N,,1063726462.4698386,Otto Matic,61221837.81665026,2000 EA107,0.5060061445757155,0.42625,4.137,-3480881045639.0063,135.27288377106427,2.9856e-09,4.3463e-09,1.1011e-07,8.1878e-06,1.7548e-05,5.2961e-09,1.7938e-05,1.5772e-06,1.0192e-07,1.6238e-05,1.792e-05,Q,Q,,2152931.0,6.257999999999999,2458328.9986520745,20180729.498652104,,278.01867073535266
,,,,,,18.2,,,,0.9680903917297128,1.3696856771517811,,ATE,2704.496648239703,0.0,6637.0,,,11.089464,0.4148324256214623,2458200.5,20180323.0,58200.0,J2000,0.7861028149035884,,2000-01-25,86450 (2000 CK33),18.106026083189033,a0086450,,2018-03-28,112.54620712480092,0.124992,4.021719999999999,48.64313664,1.034737548960766,,,463.0,,Y,124.8713962040435,JPL 86,86450.0,347.9143096349065,0.9525374664884501,N,,63726590477.05343,Otto Matic,4547595373.851564,2000 CK33,0.5664951063076443,0.5254800000000001,6.6045,911855110720.0194,135.24483241198516,6.9462e-09,9.8277e-09,1.2515e-07,1.5145e-05,6.5404e-05,1.1136999999999999e-08,1.6137e-05,3.7445e-06,1.2341e-07,6.2164e-05,2.2284000000000002e-05,Xk,Xk,,2086450.0,6.121,2458091.7321223505,20171204.2321224,,215.5995853337764
,,,,,,15.9,,,,1.834916530574646,3.081750634383673,,APO,2704.434357951393,0.0,11394.0,,,8.627164,0.6795045349657146,2458200.5,20180323.0,58200.0,J2000,2.2671452828784515,,1987-05-29,4341 Poseidon (1987 KF),11.85184103737931,a0004341,,2018-08-08,172.51275794679538,0.194487,2.03297,75.68850579,0.3965332450427372,,,515.0,Poseidon,Y,108.1074818223349,JPL 111,4341.0,907.8683931310733,2.48560819474627,N,,38134837148150.67,Otto Matic,3497965545534.0625,1987 KF,0.5880824267656186,0.50838,6.2620000000000005,-9766519883103.5,135.24171789756969,6.3547e-09,1.0672999999999999e-08,4.6871e-08,6.228200000000001e-06,1.7394e-05,2.0599e-09,2.4225e-05,4.7162e-06,8.7288e-08,4.2023e-05,2.6469e-05,O,O,,2004341.0,3.6889999999999996,2457765.4475545785,20170111.947554603,,15.64683513010653
,,,,,,20.3,,,,2.051443163754894,3.16153517602883,,APO,2703.692147813165,0.0,1090.0,,,8.409741,0.5411273545800116,2458200.5,20180323.0,58200.0,J2000,0.29886795464408883,,2002-02-20,(2002 DH2),20.94147110834603,bK02D02H,,2005-02-14,152.86769006785102,0.07025160000000001,2.1206400000000003,27.339815171999998,0.3354399929032538,,,166.0,,Y,345.561610140159,JPL 27,2002 DH2,1073.217289578914,2.93830880103741,N,,20787406628.167805,Otto Matic,1955510584.6189246,2002 DH2,0.9413511514809588,0.4679,,-17345440873.55962,135.20460739065828,8.2622e-08,1.2733e-07,1.7417e-07,3.4945e-05,0.00011893,2.0265e-08,6.8216e-06,6.4836e-05,3.5361999999999996e-07,0.00032724,6.701600000000001e-05,Ch,Ch,,3114073.0,3.523,2457744.7770888917,20161222.2770889,,231.8109220372152
,,,,,,18.6,,,,2.658244045762407,4.7231573434790635,0.021,APO,2702.9170275360448,0.0,4832.0,1.339,0.561,8.375813,0.7767959834268793,2458200.5,20180323.0,58200.0,J2000,,,2001-12-23,399433 (2001 YK4),4.3797729635339,a0399433,,2015-03-17,286.3492343718088,0.0645338,0.736491,25.114618946,0.2274111734867744,,,163.0,,Y,155.79303259020108,JPL 49,399433.0,1583.035672699418,4.3341154625583,N,,314937488697.1207,Otto Matic,29738245488.26865,2001 YK4,0.5933307480457518,0.62541,,4506397666594.201,135.16585137680227,4.7025e-08,8.3554e-08,3.8241e-08,5.4591e-06,2.1854e-05,6.0345e-09,0.00012681,4.2007e-05,1.0898e-07,9.0965e-05,0.000136,X,X,,2399433.0,2.855,2458524.36608142,20190209.866081398,,210.72205544642608
,,,,,,15.6,,,,0.9976973635700946,1.5113657739154198,0.365,ATE,2702.625124258211,0.0,16388.0,2.071,0.106,14.238517000000002,0.5148539317646869,2458200.5,20180323.0,58200.0,J2000,,,1973-10-17,3753 Cruithne (1986 TO),19.80566303084264,a0003753,,2018-08-30,95.25683793733968,0.0710452,3.51471,27.648660484,0.9890217375981728,,,666.0,Cruithne,Y,126.23222851109391,JPL 141,3753.0,363.99604408519434,0.9965668558116201,N,,2118755131.7285824,Otto Matic,117675772.9464068,1986 TO,0.4840289532247692,0.42244,27.3099,-6933299902364.245,135.13549372317402,2.5265e-09,3.8273e-09,5.8423e-07,1.4198e-05,4.579899999999999e-05,3.7568e-09,0.00010668,1.3827000000000001e-06,5.8254e-07,4.6303e-05,0.00010378,Q,Q,,2003753.0,5.922000000000001,2458104.1857994967,20171216.685799498,,43.83554644215479
,,,,,,17.9,,,,1.1798738733997591,1.8961709711669859,,APO,2701.9220793770137,0.0,6914.0,,,9.801787,0.6070963294604075,2458200.5,20180323.0,58200.0,J2000,0.9025667938004488,,1998-05-24,137158 (1999 FB),12.900349325135661,a0137158,,2017-04-28,8.128447839351686,0.19761099999999998,3.52901,76.90427287,0.7690431306997724,,,392.0,,Y,37.11867692958311,JPL 92,137158.0,468.1141871359369,1.28162679571783,N,,175379377.80575317,Otto Matic,14145924.14941878,1999 FB,0.4635767756325318,0.56087,6.074,-573902007272.2107,135.09645472760633,3.0675999999999996e-09,4.9299e-09,8.828799999999999e-08,1.1464e-05,2.8632e-05,2.9991999999999997e-09,2.635e-05,1.8256e-06,1.0432000000000001e-07,3.7205e-05,2.942e-05,Q,Q,,2137158.0,5.148,2458189.930439575,20180312.430439603,,3.022615207334094
,,,,,,18.4,,,,1.491752680468831,1.90078791980261,,AMO,2700.4693146902937,0.0,4124.0,,,8.856632000000001,0.2741977572349505,2458200.5,20180323.0,58200.0,J2000,0.7169342880402657,,2001-11-27,307161 (2002 DY3),24.164674544154487,a0307161,,2013-03-13,302.420592876839,0.143295,3.17128,55.76611515,0.5409521280135712,,,186.0,,Y,354.9720573395321,JPL 50,307161.0,665.493268918185,1.8220212701387701,N,,48341562468.96121,Otto Matic,4312971326.370344,2002 DY3,1.082717441135052,0.48988000000000004,,691712838667.9624,135.04346573451468,6.1216e-09,7.800099999999999e-09,9.487399999999999e-08,2.5236e-05,2.9701e-05,3.3298e-09,1.6311e-05,4.0964e-06,1.3852e-07,5.5474e-05,3.5181999999999996e-05,Xk,Xk,,2307161.0,4.428,2458306.940855191,20180707.4408552,,137.9725361637715
,,,,,,16.8,,,,1.006934779815491,1.275147388522941,,APO,2700.796895786557,0.0,9565.0,,,25.537539000000002,0.2663654231474627,2458200.5,20180323.0,58200.0,J2000,1.4978880340791203,,1991-11-13,10563 Izhdubar (1993 WD),63.463960023076154,a0010563,,2018-01-20,285.478546156287,0.144433,3.8260099999999997,56.20899061,0.975443370059718,,,541.0,Izhdubar,Y,56.564016180191466,JPL 67,10563.0,369.06294209366587,1.01043926651243,N,,801638422.9701476,Otto Matic,24807137.191202626,1993 WD,0.7387221711080405,0.60582,,-2623238295203.9707,135.0414480661738,2.9671e-09,3.7574e-09,2.175e-07,3.3944e-05,5.2855e-05,4.3114e-09,6.5759e-06,1.6312e-06,2.1865e-07,5.44e-05,2.6126e-05,Q,Q,,2010563.0,5.546,2458276.8975194567,20180607.3975195,,132.2091932311621
,,,,,,17.7,,,,1.164562635674019,2.129093035699883,,APO,2699.3564551736818,0.0,6999.0,,,15.783782,0.8282340257873881,2458200.5,20180323.0,58200.0,J2000,0.989644809965054,,1998-11-16,141079 (2001 XS30),28.536099382322732,a0141079,,2018-01-14,223.4300376250724,0.303044,2.93221,117.93563348,0.7842595142332043,,,316.0,,Y,251.4607677617539,JPL 94,141079.0,459.0317279758902,1.2567603777574,N,,139838782844.3043,Otto Matic,6997808274.682464,2001 XS30,0.2000322356481548,0.64459,,1819529701833.8745,134.9878227586841,8.1206e-09,1.4846e-08,7.1166e-08,1.9761e-05,2.5416e-05,8.203e-09,1.1232e-05,4.8013e-06,8.307299999999999e-08,3.3709e-05,1.3100999999999999e-05,Xc,Xc,,2141079.0,4.934,2458374.638738385,20180913.138738398,,0.8653746678500877
,,,,,,18.1,,,,1.1729382243614959,2.045187188189472,,APO,2698.02326467285,0.0,5820.0,,,12.50886,0.7436444185309045,2458200.5,20180323.0,58200.0,J2000,0.8231506991887187,,2000-12-30,138893 (2000 YH66),18.34450458900996,a0138893,,2016-12-06,124.8865480574268,0.164401,3.02346,63.97993717,0.7758742964456152,,,334.0,,Y,265.2783768249275,JPL 90,138893.0,463.99268753870115,1.27034274480137,N,,73167915641.87744,Otto Matic,4617786844.793608,2000 YH66,0.3006892605335198,0.60193,5.3,1046949747653.6284,134.92116323364252,7.1368e-09,1.2443999999999999e-08,6.0891e-08,1.1061e-05,2.286e-05,7.0813e-09,1.4170999999999999e-05,4.2348000000000005e-06,7.137900000000001e-08,2.8251999999999996e-05,1.589e-05,Xk,Xk,,2138893.0,5.039,2458039.5376525815,20171013.0376526,,341.3411236890537
,,,,,,14.4,,,,1.7264496371011762,1.9843475571081493,,MCA,2697.415874423636,0.0,13864.0,,,8.634686,0.1493805057875891,2458200.5,20180323.0,58200.0,J2000,4.5235495454868335,,1980-06-06,4205 David Hughes (1985 YP),16.478584046591088,a0004205,,2018-05-22,132.5246598481425,0.552491,3.4348099999999997,215.01292247,0.4344834147255481,,,1012.0,David Hughes,N,276.5454732735131,JPL 19,4205.0,828.570177362012,2.26850151228477,N,,12142851484375.588,Otto Matic,1109959886376.7532,1985 YP,1.468551717094202,0.45286000000000004,24.0,173750409395102.2,134.89079372118178,5.6072e-09,6.444800000000001e-09,4.5415e-08,4.9395e-06,2.1161999999999998e-05,2.1166999999999995e-09,1.6309000000000003e-05,4.036499999999999e-06,7.899e-08,4.7831e-05,2.4095e-05,Xe,Xe,,2004205.0,4.106,2457895.483386346,20170521.9833863,,109.9763167961883
,-4.86111407091539e-15,,,,,14.6,,,,1.271196435728355,2.402692827347886,0.1066,APO,2696.994444786315,0.0,12688.0,5.1,0.2,15.344863,0.8901034960589854,2455873.5,20111108.0,55873.0,J2000,,,1983-10-12,3200 Phaethon (1983 TB),22.222338891222485,a0003200,,2018-07-08,238.74947440350792,0.0202422,2.72761,7.877656974,0.6876779104039702,6.0,0.0,4757.0,Phaethon,Y,265.2991994079155,JPL 628,3200.0,523.5008927195598,1.4332673311966002,Y,,103006105247784.12,Otto Matic,5297430205182.929,1983 TB,0.1397000441088249,0.33193,3.6039999999999996,-60838566559768.86,134.86972223931576,4.2518e-10,8.0363e-10,1.2193e-08,5.0102e-06,1.2093e-06,3.4501e-10,3.9526999999999994e-06,2.6264e-07,1.5505e-08,1.7988e-06,4.2914999999999995e-06,B,B,F,2003200.0,4.51,2456049.8187733125,20120502.3187733,,322.1031290719322
,,,,,,14.7,,,,1.774229352179636,2.2785790180708867,0.593,AMO,2696.173474451564,0.0,15729.0,4.3,,8.661146,0.2842640751443209,2458200.5,20180323.0,58200.0,J2000,,,1975-06-09,3691 Bede (1982 FT),20.36007752337771,a0003691,,2018-07-02,64.43983090666865,0.35138800000000003,2.8315099999999997,136.74966796,0.4170512567442594,,,1890.0,Bede,Y,348.7629302160182,JPL 354,3691.0,863.2032494287773,2.36332169590357,N,,11470832752872.047,Otto Matic,1044846904571.5364,1982 FT,1.269879686288384,0.3961,226.8,149254165933764.97,134.8286737225782,4.9124e-09,6.3087999999999996e-09,4.9471e-08,6.5914e-06,1.0819000000000001e-05,1.7321e-09,9.9365e-06,3.585e-06,8.9571e-08,2.5631e-05,1.4237000000000001e-05,Xc,Xc,,2003691.0,3.9819999999999998,2458045.987023802,20171019.4870238,,234.90277227712033
,,,,,,19.2,,,,2.601657781912716,4.126815548387921,,AMO,2696.1734590808005,6.0,55.0,,,8.344787,0.5862253587225918,2458200.5,20180323.0,58200.0,J2000,0.4959973445799733,,2000-02-03,(2000 CN33),17.68609148165159,bK00C33N,,2000-03-29,120.44614311824759,0.09443739999999999,1.00221,36.752202958000005,0.2348706877941886,,,101.0,,Y,129.5849189862798,JPL 11,2000 CN33,1532.7583164207322,4.19646356309577,N,,16007395794.56784,Otto Matic,1513346920.1926825,2000 CN33,1.0765000154375122,0.34881,,229047648012.0287,134.82867295404006,0.00060351,0.0009573,0.0001072,0.0018739999999999998,0.5495800000000001,8.1725e-05,0.00060077,0.53333,2.9285e-05,2.1615,0.0007013999999999999,X,X,,3034813.0,3.092,2457687.6810345957,20161026.181034602,,351.5233986316046
,,,,,,13.7,,,,2.219233745613227,2.6447310454436765,0.28800000000000003,MBA,2696.062698096929,0.0,22527.0,4.723,0.111,8.31607,0.1917316283926977,2458200.5,20180323.0,58200.0,J2000,,,1955-08-23,4396 Gressmann (1981 JH),3.747081130285171,a0004396,,2017-04-26,0.01557091074613312,0.781907,2.56251,304.29474719,0.2981257592493932,,,1573.0,Gressmann,N,46.94177024454293,JPL 27,4396.0,1207.5440945002229,3.30607554962416,N,,81809977808943.27,Otto Matic,7760744160120.98,1981 JH,1.7937364457827767,0.49711000000000005,,-48319483279265.9,134.82313490484646,8.635299999999999e-09,1.0291e-08,3.2556e-08,4.6075e-06,1.9083e-05,1.7401e-09,5.604e-05,7.047999999999999e-06,7.3962e-08,6.401100000000001e-05,5.8155e-05,B,B,,2004396.0,3.6239999999999997,2458200.447770663,20180322.9477707,,250.97087135887384
,,,,,,17.3,,,,1.234689403942316,1.8566338431012253,0.37200000000000005,APO,2695.348632599949,0.0,9814.0,0.829,0.222,10.364652,0.5037254204766509,2458200.5,20180323.0,58200.0,J2000,,,1991-02-22,10165 (1995 BL2),23.894552677911,a0010165,,2018-01-05,167.5340259369166,0.376206,3.41059,146.40808902,0.7184019331482244,,,617.0,,Y,312.4444364383108,JPL 122,10165.0,501.1122372992319,1.37197053333123,N,,261017885406.992,Otto Matic,19861668543.07001,1995 BL2,0.6127449647834073,0.60001,,-431798159001.8524,134.78743162999746,3.2936e-09,4.9526000000000005e-09,7.1769e-08,9.3869e-06,2.5829e-05,2.8745e-09,1.0575999999999998e-05,2.0051e-06,8.8488e-08,3.5557e-05,1.6335999999999997e-05,L,L,,2010165.0,4.984,2457967.2962484416,20170801.7962484,,348.42914566893853
,,,,,,15.9,,,,1.291848151653064,2.278420308160612,,APO,2694.0748469534533,0.0,23475.0,,,14.59428,0.7636904966308301,2458200.5,20180323.0,58200.0,J2000,2.2671452828784515,,1953-12-07,137925 (2000 BJ19),31.10260267803248,a0137925,,2018-03-16,335.35299030362364,0.389671,3.01602,151.64826307,0.6712539767714181,,,1146.0,,Y,131.23760286962178,JPL 260,137925.0,536.3096718346753,1.46833585717912,N,,2779575819.824036,Otto Matic,150138042.24338284,2000 BJ19,0.3052759951455156,0.44421000000000005,48.0,-9095733844654.94,134.70930149931232,8.3671e-09,1.4757e-08,6.8045e-08,1.1745999999999999e-05,1.3325999999999999e-05,6.5213999999999994e-09,7.1114e-06,5.210399999999999e-06,8.7919e-08,1.9926e-05,8.8468e-06,Q,Q,,2137925.0,4.579,2458237.217860228,20180428.7178602,,175.4983369881375
,,,,,,18.2,,,,1.4529445956603233,2.5970494217138045,0.055,APO,2691.483807544721,0.0,5914.0,1.244,0.02,10.699734,0.7874387154683752,2458200.5,20180323.0,58200.0,J2000,,,2001-10-16,194268 (2001 UY4),5.436129322859802,a0194268,,2017-12-25,163.6609961294901,0.0262553,2.54451,10.217775101,0.5627694232629623,,,407.0,,Y,160.79346844793483,JPL 71,194268.0,639.6936029550147,1.75138563437376,Y,,252547904970.3995,Otto Matic,18588647889.08718,2001 UY4,0.3088397696068404,0.51277,7.88,3613673603514.2817,134.5941903772361,3.5326999999999996e-09,6.314499999999999e-09,7.9488e-08,6.488200000000001e-06,8.3458e-06,2.0524999999999997e-09,0.00013971,2.333e-06,1.1544000000000001e-07,1.4281e-05,0.00013775,X,X,,2194268.0,4.23,2457909.686410341,20170605.1864103,,107.69899304935421
,,,,,,18.4,,,,1.478582733277057,2.516410912909392,,APO,2691.1052373637954,0.0,6267.0,,,10.097499000000001,0.7019074119255699,2458200.5,20180323.0,58200.0,J2000,0.7169342880402657,,2000-11-19,228368 (2000 WK10),14.735693598767051,a0228368,,2018-01-16,275.638036923005,0.022543900000000002,2.8577,8.773409563,0.5481957048921834,,,151.0,,Y,57.99059482682055,JPL 46,228368.0,656.6997821896528,1.79794601557742,Y,,48341562468.96121,Otto Matic,3769838856.5306506,2000 WK10,0.4407545536447226,0.4753,,691712838667.9624,134.57526186818978,2.2926000000000003e-08,3.9018e-08,1.1657999999999999e-07,1.2652999999999999e-05,4.6388000000000004e-05,1.2749999999999998e-08,5.3524e-05,1.5274e-05,1.7559e-07,8.7781e-05,5.2081000000000005e-05,X,X,,2228368.0,4.254,2458354.390229938,20180823.8902299,,244.4768066379115
,,,,,,17.6,,,,2.02108602149277,3.545247265495457,,APO,2690.648084761161,1.0,6178.0,,,9.057253999999999,0.7541298231714776,2458200.5,20180323.0,58200.0,J2000,1.0362853329448145,,2001-06-16,(2002 AU5),9.185433255434363,bK02A05U,,2018-05-16,254.54090494205798,0.136008,1.94438,52.93023336,0.3430258714806827,,,133.0,,Y,354.81609986657236,JPL 38,2002 AU5,1049.4835227618491,2.8733292888757003,N,,145989184745.06012,Otto Matic,12690135984.3205,2002 AU5,0.4969247774900822,0.53992,,2088939377159.464,134.55240423805807,1.4705e-07,2.5795e-07,1.5857999999999998e-07,2.6184000000000002e-05,0.00023319,3.7437e-08,0.00012265,0.00011454,3.4015e-07,0.00071311,0.00013021,X,X,,3102748.0,3.383,2458507.937729413,20190124.437729396,,21.5311499471776
,,,,,,16.0,,,,1.290159758363344,1.6760882617457842,0.245,APO,2688.1160611213204,0.0,15156.0,1.649,0.045,23.458328,0.2991323368138656,2458200.5,20180323.0,58200.0,J2000,,,1975-12-30,2102 Tantalus (1975 YA),64.0036814370136,a0002102,,2017-06-28,263.9054937384644,0.0425959,3.76454,16.577046403,0.6725720826270577,1.0,0.0,1076.0,Tantalus,Y,94.36356578929536,JPL 153,2102.0,535.2586128669582,1.46545821455704,Y,,1069553313.925427,Otto Matic,35862341.31310409,1975 YA,0.9042312549809048,0.29102,2.384,-3499948519752.9976,134.40794216269387,1.2420999999999999e-09,1.6136e-09,2.9833e-08,1.2206e-05,8.4502e-06,9.7127e-10,1.8564e-06,7.7298e-07,3.8722e-08,1.2575e-05,1.1029e-05,Q,Q,,2002102.0,4.45,2458343.3761447934,20180812.8761448,,61.54240640261469
,,,,,,13.2,,,,2.2992360724824397,2.8622972349947085,0.059000000000000004,MBA,2687.349771246235,0.0,27761.0,12.252,0.077,8.464193,0.2448905396235987,2458200.5,20180323.0,58200.0,J2000,,,1941-09-26,1705 Tapio (1941 SL1),7.708957195083326,a0001705,,2017-09-28,352.1586844856807,0.731531,2.5723700000000003,284.68991927,0.2827018999327625,,,1857.0,Tapio,N,188.612220031967,JPL 29,1705.0,1273.426178195555,3.48645086432732,N,,1428148613330225.2,Otto Matic,132677500443280.9,1941 SL1,1.7361749099701718,0.49041999999999997,54.8,-843508394578404.0,134.38748856231172,7.3355000000000006e-09,9.1319e-09,4.3576e-08,4.1665e-06,9.9781e-06,1.3529000000000002e-09,2.9627e-05,6.0941e-06,1.0067e-07,3.5348e-05,3.0646e-05,B,B,,2001705.0,3.54,2458228.2370456867,20180419.7370457,,156.4709431101613
,,,,,,14.0,,,,1.8335202701922042,3.2494682957463263,0.22699999999999998,APO,2686.9309602317003,0.0,23642.0,4.843,0.37799999999999995,9.638525,0.7722565430954812,2458200.5,20180323.0,58200.0,J2000,,,1953-11-30,5143 Heracles (1991 VL),9.031020826198755,a0005143,,2018-08-23,173.13722418903382,0.0583577,1.80418,22.711066109,0.3969862826194209,1.0,0.0,2437.0,Heracles,Y,309.5145934644621,JPL 445,5143.0,906.8323409681173,2.4827716385164105,N,,371729689555276.1,Otto Matic,30322040181409.066,1991 VL,0.4175722446380798,0.37375,2.7063,-95201806948257.94,134.366548011585,4.9827e-09,8.830600000000001e-09,3.2018e-08,3.8344e-06,2.6708999999999997e-06,1.6181999999999999e-09,3.0143000000000003e-05,3.6966000000000003e-06,5.8445e-08,7.0646e-06,2.911e-05,O,O,,2005143.0,3.583,2457764.3710157783,20170110.871015802,,227.78237721001142
